province;red;green;blue;type;name;continent;region
1;6;80;121;lake;Water;;
2;132;25;125;sea;Unnamed;;
3;251;124;237;sea;Unnamed;;
4;102;85;110;sea;Unnamed;;
5;58;152;145;sea;Unnamed;;
6;250;209;18;sea;Unnamed;;
7;92;90;131;sea;Unnamed;;
8;205;83;137;sea;Unnamed;;
9;30;163;146;sea;Unnamed;;
10;3;87;121;lake;Unnamed;;
12;145;211;123;sea;Unnamed;;
13;69;140;71;sea;Unnamed;;
14;167;1;29;sea;Unnamed;;
15;189;209;196;sea;Unnamed;;
16;226;31;190;sea;Unnamed;;
17;225;72;19;sea;Unnamed;;
18;234;5;79;sea;Unnamed;;
19;190;84;118;sea;Unnamed;;
20;232;72;128;sea;Unnamed;;
21;238;9;106;sea;Unnamed;;
22;35;146;107;sea;Unnamed;;
23;200;29;156;sea;Bladefist Bay;;
24;232;73;172;sea;Unnamed;;
25;255;181;66;sea;Unnamed;;
26;33;82;112;sea;Unnamed;;
27;168;54;75;sea;Unnamed;;
28;86;158;185;sea;Unnamed;;
29;184;169;136;sea;Unnamed;;
30;236;43;102;sea;Unnamed;;
31;5;158;189;sea;Unnamed;;
32;123;92;43;sea;Unnamed;;
33;150;102;120;sea;Unnamed;;
34;140;45;166;sea;Unnamed;;
35;169;172;121;sea;Unnamed;;
36;99;254;20;sea;Unnamed;;
37;204;217;126;sea;Unnamed;;
38;89;237;37;sea;Unnamed;;
39;42;35;48;sea;Unnamed;;
40;46;79;70;sea;Unnamed;;
41;51;138;243;sea;Unnamed;;
42;187;74;36;sea;Unnamed;;
43;203;130;213;sea;Unnamed;;
44;83;13;158;sea;Unnamed;;
45;122;120;71;sea;Unnamed;;
46;29;96;108;sea;Unnamed;;
47;135;143;102;sea;Unnamed;;
48;58;54;140;sea;Unnamed;;
49;165;8;213;sea;Unnamed;;
50;66;244;17;sea;Unnamed;;
51;246;224;7;sea;Unnamed;;
52;180;80;110;sea;Unnamed;;
53;18;229;227;sea;Unnamed;;
54;5;240;100;sea;Unnamed;;
55;201;191;222;sea;Unnamed;;
56;44;59;240;sea;Unnamed;;
57;208;106;193;sea;Unnamed;;
58;116;60;82;sea;Unnamed;;
59;106;159;226;sea;Unnamed;;
60;111;207;4;sea;Unnamed;;
61;166;189;167;sea;Unnamed;;
62;186;99;6;sea;Unnamed;;
63;33;213;81;sea;Unnamed;;
64;119;147;76;sea;Unnamed;;
65;138;248;152;sea;Unnamed;;
66;240;30;98;sea;Unnamed;;
67;143;155;253;sea;Unnamed;;
68;129;253;221;sea;Unnamed;;
69;229;243;232;sea;Unnamed;;
70;162;156;44;sea;Unnamed;;
71;168;125;162;sea;Unnamed;;
72;227;87;149;sea;Unnamed;;
73;91;127;56;sea;Unnamed;;
74;96;7;252;sea;Unnamed;;
75;4;217;43;sea;Unnamed;;
76;254;133;239;sea;Unnamed;;
77;3;76;227;sea;Unnamed;;
78;194;145;71;sea;Unnamed;;
79;96;79;232;sea;Unnamed;;
80;153;228;207;sea;Unnamed;;
81;160;45;125;sea;Unnamed;;
82;226;237;204;sea;Unnamed;;
83;118;136;180;sea;Unnamed;;
84;131;163;138;sea;Unnamed;;
85;12;70;117;sea;Unnamed;;
86;246;60;255;sea;Unnamed;;
87;105;223;221;sea;Unnamed;;
88;235;223;94;sea;Unnamed;;
89;175;29;26;sea;Unnamed;;
90;116;243;218;sea;Unnamed;;
91;41;53;27;sea;Unnamed;;
92;170;145;243;sea;Unnamed;;
93;186;98;59;sea;Unnamed;;
94;249;136;153;sea;Unnamed;;
95;158;210;178;sea;Unnamed;;
96;232;54;192;sea;Unnamed;;
97;64;45;164;sea;Unnamed;;
98;194;5;138;sea;Unnamed;;
99;109;89;21;sea;Unnamed;;
100;107;40;10;sea;Unnamed;;
101;15;205;122;sea;Unnamed;;
102;205;187;41;sea;Unnamed;;
103;60;130;33;sea;Unnamed;;
104;69;156;108;sea;Unnamed;;
105;138;209;97;sea;Unnamed;;
106;98;136;232;sea;Unnamed;;
107;227;60;226;sea;Unnamed;;
108;93;16;192;sea;Unnamed;;
109;170;198;125;sea;Unnamed;;
110;26;62;190;sea;Unnamed;;
111;93;53;194;sea;Unnamed;;
112;234;168;141;sea;Unnamed;;
113;5;137;39;sea;Unnamed;;
114;18;121;247;sea;Unnamed;;
115;211;79;180;sea;Unnamed;;
116;42;30;228;sea;Unnamed;;
117;27;192;254;sea;Unnamed;;
118;52;111;72;sea;Unnamed;;
119;204;157;62;sea;Unnamed;;
120;254;221;103;sea;Unnamed;;
121;48;123;240;sea;Unnamed;;
122;36;40;199;sea;Unnamed;;
123;73;12;76;sea;Unnamed;;
124;66;193;21;sea;Unnamed;;
125;140;157;102;sea;Unnamed;;
126;142;219;105;sea;Unnamed;;
127;100;125;217;sea;Unnamed;;
128;17;155;92;sea;Unnamed;;
129;47;26;90;sea;Unnamed;;
130;214;140;7;sea;Unnamed;;
131;182;62;178;sea;Unnamed;;
132;149;163;52;sea;Unnamed;;
133;8;181;179;sea;Unnamed;;
134;47;167;12;sea;Unnamed;;
135;27;154;179;sea;Unnamed;;
136;38;52;228;sea;Unnamed;;
137;143;37;92;sea;Unnamed;;
138;43;233;50;sea;Unnamed;;
139;227;228;47;sea;Unnamed;;
140;136;214;104;sea;Unnamed;;
141;254;210;96;sea;Unnamed;;
142;168;213;94;sea;Unnamed;;
143;36;226;23;sea;Unnamed;;
144;82;48;107;sea;Unnamed;;
145;210;198;187;sea;Unnamed;;
146;41;134;83;sea;Unnamed;;
147;76;50;30;sea;Unnamed;;
148;40;6;40;sea;Unnamed;;
149;151;24;251;sea;Unnamed;;
150;60;226;140;sea;Unnamed;;
151;166;95;218;sea;Unnamed;;
152;135;15;102;sea;Unnamed;;
153;207;198;249;sea;Unnamed;;
154;95;49;113;sea;Unnamed;;
155;143;68;142;sea;Unnamed;;
156;175;254;191;sea;Unnamed;;
157;45;53;96;sea;Unnamed;;
158;108;51;206;sea;Unnamed;;
159;52;49;180;sea;Unnamed;;
160;137;183;100;sea;Unnamed;;
161;237;181;223;sea;Unnamed;;
162;230;192;106;sea;Unnamed;;
163;234;168;135;sea;Unnamed;;
164;150;163;143;sea;Unnamed;;
165;156;180;19;sea;Unnamed;;
166;159;54;54;sea;Unnamed;;
167;142;215;28;sea;Unnamed;;
168;240;146;24;sea;Granite Flow;;
169;157;103;111;sea;Light's Lake;;
170;73;224;144;sea;Light's Wash;;
171;184;39;29;sea;Vordrassil's River;;
172;167;32;40;sea;Unnamed;;
173;158;54;207;sea;Unnamed;;
174;218;51;208;sea;Unnamed;;
175;191;150;138;sea;Unnamed;;
176;128;137;28;sea;Unnamed;;
177;154;14;97;sea;Unnamed;;
178;48;208;143;sea;Unnamed;;
179;179;222;106;sea;Halvarde Wash;;
180;135;198;216;sea;Utgarde Waters;;
181;161;19;131;sea;Unnamed;;
182;106;66;74;sea;Unnamed;;
183;144;106;91;sea;Unnamed;;
184;73;182;219;sea;Unnamed;;
185;94;63;107;sea;Unnamed;;
186;122;86;109;sea;Unnamed;;
187;13;32;142;sea;Unnamed;;
188;88;69;8;sea;Unnamed;;
189;216;173;193;sea;Unnamed;;
190;9;186;185;sea;Unnamed;;
191;147;28;27;sea;Unnamed;;
192;250;75;36;sea;Unnamed;;
193;169;181;103;sea;Unnamed;;
194;255;85;213;sea;Unnamed;;
195;64;144;208;sea;Unnamed;;
196;243;72;77;sea;Unnamed;;
197;222;55;76;sea;Unnamed;;
198;47;72;159;sea;Unnamed;;
199;244;52;202;sea;Unnamed;;
200;60;197;186;sea;Unnamed;;
201;168;201;147;sea;Unnamed;;
202;40;22;206;sea;Unnamed;;
203;251;54;235;sea;Unnamed;;
204;68;22;229;sea;Unnamed;;
205;161;254;82;sea;Unnamed;;
206;182;10;255;sea;Unnamed;;
207;31;26;119;sea;Unnamed;;
208;255;7;196;sea;Unnamed;;
209;150;221;126;sea;Unnamed;;
210;115;157;151;sea;Unnamed;;
211;72;251;20;sea;Unnamed;;
212;182;22;138;sea;Unnamed;;
213;187;125;58;sea;Unnamed;;
214;130;22;243;sea;Unnamed;;
215;78;117;169;sea;Unnamed;;
216;82;141;132;sea;Unnamed;;
217;232;102;134;sea;Unnamed;;
218;175;214;105;sea;Unnamed;;
219;14;5;232;sea;Unnamed;;
220;49;157;81;sea;Unnamed;;
221;209;150;46;sea;Unnamed;;
222;92;189;0;sea;Unnamed;;
223;46;184;202;sea;Unnamed;;
224;80;12;30;sea;Unnamed;;
225;143;103;153;sea;Unnamed;;
226;242;232;104;sea;Unnamed;;
227;39;145;38;sea;Unnamed;;
228;210;186;228;sea;Unnamed;;
229;208;146;28;sea;Shalandis Coastal Waters;;
230;88;189;76;sea;Northern Windy Water;;
231;172;221;229;sea;Southern Windy Water;;
232;168;178;103;sea;Unnamed;;
233;90;218;122;sea;Unnamed;;
234;116;38;61;sea;Unnamed;;
235;235;115;25;sea;Unnamed;;
236;76;156;191;sea;Scarlet Bay;;
237;213;198;78;sea;Unnamed;;
238;168;185;205;sea;Unnamed;;
239;146;9;36;sea;Unnamed;;
240;106;168;103;sea;Northern Silverpine Waters;;
241;97;61;213;sea;Southern Silverpine Waters;;
242;202;109;86;sea;Unnamed;;
243;52;250;220;sea;Unnamed;;
244;219;51;54;sea;Keel's Bay;;
245;204;39;8;sea;Unnamed;;
246;222;60;162;sea;Gilneas Canals;;
247;90;108;65;sea;Unnamed;;
248;153;45;109;sea;Drisburg Bay;;
249;116;135;225;sea;Baradin Strand;;
250;247;178;100;sea;Baradin Flood;;
251;178;70;36;sea;Baradin Shallow;;
252;211;87;142;sea;Baradin Reef;;
253;71;154;143;sea;Baradin Wrecks;;
254;148;52;70;sea;Baradin Bay;;
255;128;172;208;sea;Boralus Deep;;
256;225;238;138;sea;Thandol Pass;;
257;37;10;24;sea;Southshore Flow;;
258;105;36;74;sea;Tarren Mill Crossing;;
259;18;195;33;sea;Tarren Mill Flow;;
260;33;90;81;sea;Aerie Crossing;;
261;106;126;220;sea;Andorhal Crossing;;
262;117;239;127;sea;Western Darrowmere;;
263;84;106;99;sea;Eastern Darrowmere;;
264;71;70;71;sea;Thondroril River;;
265;115;161;62;sea;Unnamed;;
266;129;159;35;sea;Unnamed;;
267;20;251;214;sea;Unnamed;;
268;32;107;231;sea;Unnamed;;
269;253;154;224;sea;Unnamed;;
270;237;96;141;sea;Unnamed;;
271;145;24;249;sea;Unnamed;;
272;109;183;33;sea;Unnamed;;
273;96;202;44;sea;Unnamed;;
274;241;37;44;sea;Unnamed;;
275;57;85;66;sea;Unnamed;;
276;142;101;103;sea;Unnamed;;
277;204;249;189;sea;Unnamed;;
278;62;215;201;sea;Unnamed;;
279;155;92;252;sea;Unnamed;;
280;96;146;112;sea;Unnamed;;
281;74;32;61;sea;Unnamed;;
282;148;1;26;sea;Unnamed;;
283;135;139;54;sea;Unnamed;;
284;248;255;24;sea;Unnamed;;
285;254;23;245;sea;Unnamed;;
286;52;55;236;sea;Unnamed;;
287;175;185;14;sea;Unnamed;;
288;130;79;127;sea;Unnamed;;
289;63;56;58;sea;Unnamed;;
290;87;59;17;sea;Booty Coast;;
291;8;189;113;sea;Unnamed;;
292;201;77;169;sea;Unnamed;;
293;64;88;44;sea;Unnamed;;
294;221;199;94;sea;Unnamed;;
295;231;204;56;sea;Unnamed;;
296;63;82;92;sea;Unnamed;;
297;67;55;155;sea;Unnamed;;
298;215;47;209;sea;Unnamed;;
299;168;172;143;sea;Unnamed;;
300;188;50;236;sea;Unnamed;;
301;15;250;50;sea;Unnamed;;
302;218;97;50;sea;Unnamed;;
303;196;75;239;sea;Unnamed;;
304;131;44;48;sea;Unnamed;;
305;42;128;208;sea;Unnamed;;
306;213;173;183;sea;Unnamed;;
307;76;89;234;sea;Unnamed;;
308;254;97;156;sea;Unnamed;;
309;246;84;183;sea;Unnamed;;
310;90;94;227;sea;Unnamed;;
311;183;159;208;sea;Unnamed;;
312;109;33;147;sea;Unnamed;;
313;67;66;172;sea;Unnamed;;
314;248;201;166;sea;Unnamed;;
315;222;208;148;sea;Unnamed;;
316;223;135;5;sea;Unnamed;;
317;29;45;199;sea;Unnamed;;
318;101;86;41;sea;Unnamed;;
319;70;95;208;sea;Unnamed;;
320;52;110;99;sea;Unnamed;;
321;40;88;107;sea;Unnamed;;
322;133;98;130;sea;Unnamed;;
323;145;219;89;sea;Unnamed;;
324;124;104;160;sea;Unnamed;;
325;128;62;29;sea;Unnamed;;
326;192;118;106;sea;Unnamed;;
327;192;100;147;sea;Sora Deep;;
328;51;52;199;sea;Watha Deep;;
329;63;189;82;sea;Unnamed;;
330;61;63;30;sea;Unnamed;;
331;150;146;166;sea;Unnamed;;
332;134;255;250;sea;Unnamed;;
333;41;70;50;sea;Unnamed;;
334;68;110;227;sea;Unnamed;;
335;150;223;254;sea;Unnamed;;
336;107;108;49;sea;Unnamed;;
337;17;22;150;sea;Unnamed;;
338;161;247;158;sea;Unnamed;;
339;179;21;171;sea;Unnamed;;
340;27;4;41;sea;Unnamed;;
341;206;28;244;sea;Unnamed;;
342;107;153;241;sea;Unnamed;;
343;128;133;76;sea;Unnamed;;
344;46;145;123;sea;Unnamed;;
345;207;109;204;sea;Unnamed;;
346;250;65;78;sea;Unnamed;;
347;34;193;236;sea;Unnamed;;
348;51;103;69;sea;Unnamed;;
349;22;29;235;sea;Unnamed;;
350;4;242;101;sea;Blue Sky Lake;;
351;63;77;212;sea;Amberpine River;;
352;52;31;21;sea;Amberpine Wash;;
353;40;82;122;sea;Bay of Naxxramas;;
368;20;87;132;wasteland;Outland Space;;
369;68;171;91;sea;Unnamed;;
370;140;120;10;sea;Unnamed;;
371;193;186;21;sea;Unnamed;;
372;158;249;50;sea;Unnamed;;
373;218;42;84;sea;Unnamed;;
374;22;44;210;sea;Unnamed;;
375;246;136;19;sea;Unnamed;;
376;228;3;232;sea;Unnamed;;
377;137;160;205;sea;Unnamed;;
378;119;22;35;sea;Unnamed;;
379;69;102;224;sea;Unnamed;;
380;91;45;28;sea;Unnamed;;
381;169;201;121;sea;Unnamed;;
382;255;58;168;sea;Unnamed;;
383;123;130;209;sea;Unnamed;;
384;50;80;150;sea;Unnamed;;
385;2;72;41;sea;Unnamed;;
386;71;131;94;sea;Unnamed;;
387;25;30;89;sea;Unnamed;;
388;1;169;155;sea;Unnamed;;
389;43;244;70;sea;Unnamed;;
390;116;71;49;sea;Unnamed;;
391;110;220;60;sea;Unnamed;;
392;24;232;36;sea;Unnamed;;
393;175;116;91;sea;Unnamed;;
394;192;50;254;sea;Unnamed;;
395;245;173;242;sea;Unnamed;;
396;183;138;80;sea;Unnamed;;
397;130;218;72;sea;Unnamed;;
398;80;249;52;sea;Unnamed;;
399;61;226;151;sea;Unnamed;;
400;5;10;239;sea;Unnamed;;
401;229;241;149;sea;Unnamed;;
402;112;152;238;sea;Unnamed;;
403;4;120;232;sea;Unnamed;;
404;35;24;53;sea;Unnamed;;
405;71;3;65;sea;Unnamed;;
406;170;126;122;sea;Unnamed;;
407;114;60;127;sea;Unnamed;;
408;140;235;10;sea;Unnamed;;
409;165;12;23;sea;Unnamed;;
410;14;153;149;sea;Unnamed;;
411;192;201;172;sea;Unnamed;;
412;35;93;73;sea;Unnamed;;
413;115;178;80;sea;Unnamed;;
414;114;178;66;sea;Unnamed;;
415;193;195;230;sea;Unnamed;;
417;95;248;226;sea;Unnamed;;
418;27;178;64;sea;Unnamed;;
419;199;61;229;sea;Unnamed;;
420;208;96;19;sea;Unnamed;;
421;166;124;216;sea;Unnamed;;
422;180;219;141;sea;Unnamed;;
423;77;220;28;sea;Unnamed;;
424;100;172;34;sea;Unnamed;;
425;197;104;77;sea;Unnamed;;
426;46;99;14;sea;Unnamed;;
427;97;119;78;sea;Unnamed;;
428;202;134;155;sea;Unnamed;;
429;61;22;95;sea;Unnamed;;
430;236;223;194;sea;Unnamed;;
431;234;154;106;sea;Unnamed;;
432;136;74;173;sea;Unnamed;;
433;183;16;142;sea;Unnamed;;
434;248;4;28;sea;Unnamed;;
435;218;0;99;sea;Unnamed;;
436;157;51;102;sea;Unnamed;;
437;249;52;200;sea;Unnamed;;
438;195;56;111;sea;Unnamed;;
439;27;213;13;sea;Unnamed;;
440;133;140;205;sea;Unnamed;;
441;77;20;13;sea;Unnamed;;
442;185;18;72;sea;Unnamed;;
443;251;72;152;sea;Unnamed;;
444;206;233;223;sea;Unnamed;;
445;71;77;18;sea;Unnamed;;
446;95;33;142;sea;Unnamed;;
447;246;68;79;sea;Unnamed;;
449;243;255;7;sea;Unnamed;;
450;235;76;39;sea;Unnamed;;
451;7;118;75;sea;Unnamed;;
452;112;144;35;sea;Unnamed;;
453;88;245;29;sea;Unnamed;;
454;128;198;160;sea;Unnamed;;
455;181;123;155;sea;Unnamed;;
456;225;201;168;sea;Unnamed;;
457;29;47;192;sea;Unnamed;;
458;153;15;65;sea;Unnamed;;
459;185;34;45;sea;Unnamed;;
460;218;196;149;sea;Unnamed;;
461;56;172;144;sea;Unnamed;;
462;163;245;210;sea;Unnamed;;
463;234;207;127;sea;Unnamed;;
464;144;61;33;sea;Unnamed;;
465;143;46;173;sea;Unnamed;;
466;160;100;46;sea;Unnamed;;
467;51;149;55;sea;Unnamed;;
468;110;184;24;sea;Unnamed;;
469;197;73;148;sea;Unnamed;;
470;93;130;78;sea;Unnamed;;
471;210;14;68;sea;Unnamed;;
478;3;64;178;sea;Unnamed;;
479;161;169;74;sea;Unnamed;;
484;106;49;96;sea;Unnamed;;
485;131;61;169;sea;Unnamed;;
487;239;10;156;sea;Unnamed;;
490;181;108;77;sea;Unnamed;;
491;156;228;222;sea;Unnamed;;
492;123;90;70;sea;Unnamed;;
496;86;13;77;sea;Unnamed;;
497;218;139;100;sea;Unnamed;;
498;186;3;126;sea;Unnamed;;
500;214;197;38;sea;Unnamed;;
501;95;120;10;sea;Unnamed;;
504;248;68;217;sea;Unnamed;;
505;255;126;40;land;Northern Headlands;;
506;212;62;173;land;Faldir's Cove;;
507;207;126;173;land;Eastwall Tower;;
508;153;95;38;wasteland;Unnamed;Pandaria;All
509;189;126;64;land;Azure Dragonshrine;;
510;185;62;155;land;Warsong Hold;;
511;171;126;192;land;Ruins of Zul'Mamwe;;
515;153;126;0;land;North Gate Outpost;;
516;148;62;192;land;Mossy Caves;;
517;143;126;64;land;Revantusk Village;;
518;139;62;255;land;Corrahn's Dagger;;
519;134;126;128;land;King's Harbor;;
520;130;62;0;land;East Sanctum;;
521;255;125;215;land;Greengill Coast;;
522;101;125;54;land;Valkyrion;;
523;255;24;40;land;The Conflagration;;
525;130;60;50;land;Northgate Woods;;
526;88;124;126;land;Nesingwary Base Camp;;
527;84;60;126;land;Northfold Manor;;
528;70;124;126;land;Cold Hearth Manor;;
529;61;124;0;land;Ruby Dragonshrine;;
530;56;60;192;land;Transitus Shield;;
531;43;124;128;land;Balia'mah Ruins;;
533;34;124;192;land;Hogger's Camp;;
536;20;60;128;land;Fallen Cliffs;;
537;15;124;0;land;Jintha'alor;;
538;11;60;192;land;Tarren Mill;;
539;6;124;64;land;Tyr's Hand;;
540;2;60;255;land;The Scorched Grove;;
541;0;124;194;land;Mountainous Ruins;;
542;212;58;79;land;Dunwald Ruins;;
543;198;122;79;land;Undercity;;
544;193;58;64;land;Kolramas;;
545;189;122;255;land;Obsidian Dragonshrine;;
546;184;58;128;land;New Agamand;;
547;175;58;192;land;Marshtide Watch;;
548;171;122;64;land;Fort Livingston;;
550;161;122;128;land;Stonefield Farm;;
552;152;122;192;land;Valley of Kings;;
553;151;186;110;land;Shattered Overlook;;
554;148;58;64;land;Slabchisel's Survey;;
556;139;58;128;land;Strahnbrad;;
557;134;122;0;land;Light's Hope Chapel;;
558;129;58;192;land;Sunstrider Isle;;
560;84;56;32;land;Agamand Mills;;
561;79;120;32;land;The Twilight Gate;;
562;65;56;0;land;Pools of Sseratus;;
563;61;120;192;land;Light's Trust;;
564;56;56;64;land;Scalawag Point;;
565;42;120;0;land;Bambala;;
567;33;120;64;land;Maclure Vineyards;;
570;24;120;128;land;Crestfall;;
571;20;56;0;land;Mosshide Fen;;
573;10;56;64;land;Unnamed;;
574;6;120;255;land;Corin's Crossing;;
575;1;56;128;land;Fairbreeze Village;;
576;0;120;91;land;Frosthold;;
578;184;183;51;land;Sholazar Coast;;
580;211;54;173;land;Swiftgear Station;;
581;198;118;173;land;Obsidian Forest;;
582;193;54;255;land;Altar of Sseratus;;
583;189;118;128;land;The Forgotten Shore;;
584;184;54;0;land;Kamagua;;
585;170;118;255;land;Venture Co Base Camp;;
586;166;54;128;land;The Yorgen Farmstead;;
587;161;118;0;land;Crystal Lake;;
589;147;54;255;land;Dun Algaz;;
591;138;54;0;land;Chillwind Camp;;
592;134;118;192;land;Terrordale;;
593;129;54;64;land;Sunsail Anchorage;;
594;67;80;32;land;Stagalbog;;
595;181;181;52;land;The Makers' Overlook;;
596;83;52;126;land;Moonbrook;;
597;70;116;126;land;Highbank;;
598;65;52;192;land;Voltarus;;
599;60;116;64;land;Naxxramas;;
600;56;52;255;land;Ember Clutch;;
601;42;116;192;land;Kurzen's Compound;;
602;38;52;64;land;Vul'gol Ogre Mound;;
603;33;116;255;land;Goldshire;;
605;19;52;192;land;Angerfang Hills;;
606;15;116;64;land;Hammerfall;;
607;10;52;255;land;Uther's Tomb;;
608;6;116;128;land;Plaguewood;;
609;1;52;0;land;North Sanctum;;
610;68;96;32;land;Bloodgulch;;
612;211;50;79;land;Westfall Lighthouse;;
613;207;114;79;land;Crucible of Carnage;;
614;197;114;79;land;Twilight Shore;;
615;193;50;128;land;Thrym's End;;
617;170;114;128;land;Unnamed;;
618;165;50;0;land;Addle's Stead;;
619;161;114;192;land;Northshire;;
621;152;114;255;land;Unnamed;;
622;147;50;128;land;Wetland Hills;;
623;143;114;0;land;Witherbark Village;;
624;138;50;192;land;Ravenholdt Manor;;
625;133;114;64;land;Plaguewood Tower;;
626;129;50;255;land;The Dead Scar;;
627;163;146;255;land;Sandy Shores;;
628;255;112;90;land;Scourge Temples;;
629;102;240;0;land;Windrunner Spire;;
630;83;48;32;land;Nethergarde Keep;;
631;78;112;32;land;Crushblow;;
632;69;112;32;land;Firebeard's Patrol;;
633;65;48;64;land;Light's Reach;;
634;60;112;255;land;Wintergarde Keep;;
635;56;48;128;land;Westguard Keep;;
636;42;112;64;land;Nesingwary's Expedition;;
637;37;48;255;land;Ravenhill;;
638;33;112;128;land;Sorrowmurk;;
639;24;112;192;land;The Great Anchorage;;
641;14;112;255;land;Boulderfist Hall;;
642;5;112;0;land;Stratholme;;
643;1;48;192;land;Duskwither Hills;;
644;88;175;171;land;Plaguemist Ravine;;
645;240;238;129;land;K3;;
646;211;46;173;land;Solliden Farmstead;;
648;197;110;173;land;Forsaken High Command;;
649;193;46;0;land;Zeramas;;
650;188;110;192;land;Burning Hills;;
651;183;46;64;land;Apothecary Camp;;
652;170;110;0;land;Kal'ai Ruins;;
653;165;46;192;land;Misty Bank;;
655;151;110;128;land;Thelsamar;;
656;147;46;0;land;Whelgar's Retreat;;
658;138;46;64;land;Unnamed;;
659;133;110;255;land;Zeb'Sora;;
660;129;46;128;land;Silvermoon;;
661;35;140;64;land;Ridgepoint Tower;;
662;83;44;126;land;Scarlet Palisade;;
663;69;108;126;land;Forsaken Rear Guard;;
664;64;44;255;land;Ebon Watch;;
666;55;44;0;sea;Waters of Gjalerbron;;
668;37;44;128;land;Unnamed;;
669;32;108;0;land;Render's Valley;;
671;23;108;64;land;The Sepulcher;;
672;19;44;255;land;The Forsaken Road;;
673;14;108;128;land;Refuge Pointe;;
675;5;108;192;land;Unnamed;;
676;0;44;64;land;Ruins of Silvermoon;;
677;197;106;79;land;Valgan's Field;;
679;188;106;64;land;Venomspite;;
680;183;42;255;land;Gjalerbron;;
681;169;106;192;land;Mizjah Ruins;;
682;165;42;64;land;Raven Hill Cemetery;;
683;160;106;255;land;Lakeridge Highway;;
685;151;106;0;land;The Forsaken Front;;
686;147;42;192;land;Shadowfang Keep;;
687;142;106;64;land;Refuge Crossroads;;
688;137;42;255;land;Andorhal;;
690;128;42;0;land;The Dead Scar;;
691;196;94;173;land;Zul'Dare;;
692;132;41;144;land;Wildgrowth Mangal;;
693;196;90;79;land;Wild Shore;;
695;64;40;128;land;Bloodmoon Isle;;
696;55;40;192;land;Skorn;;
697;41;104;128;land;Grom'gol Base Camp;;
698;37;40;0;land;Twilight Grove;;
700;28;40;64;land;Unnamed;;
701;23;104;255;land;Gorshak War Camp;;
702;18;40;128;land;Deep Elem Mine;;
703;9;40;192;land;Felstone Field;;
704;5;104;64;land;Duskwither Spire;;
705;0;40;255;land;Sunwell Plateu;;
706;213;231;178;land;Violet Stand;;
707;195;78;173;land;Stonard;;
708;165;72;137;land;Valiance Landing Camp;;
710;213;38;84;land;The Bastion of Twilight;;
711;197;102;173;land;The Skittering Dark;;
712;192;38;64;land;Drakil'jin Ruins;;
713;187;102;255;land;The Crystal Vice;;
714;183;38;128;land;Vengeance Landing;;
715;169;102;64;land;Bal'lal Ruins;;
716;165;38;255;land;Sentinel Hill;;
717;160;102;128;land;Three Corners;;
719;151;102;192;land;Unnamed;;
720;146;38;64;land;Ambermill;;
721;142;102;255;land;Eastpoint Toweri;;
722;137;38;128;land;Dalson's Farm;;
723;133;102;0;land;Quel'lithien Lodge;;
724;128;38;192;land;Dawnstar Village;;
725;68;230;179;land;Misty Valleyi;;
726;187;165;22;land;The Fleshwerks;;
727;179;165;85;land;Deathknell;;
728;188;228;233;land;Ulduar;;
729;110;36;0;land;Northpass Tower;;
730;82;36;126;land;Victor's Point;;
731;68;100;126;land;Fenris Isle;;
732;64;36;0;land;Thor Modan;;
733;59;100;192;land;Galakrond's Rest;;
734;55;36;64;land;Utgarde Keep;;
735;41;100;0;land;Zuuldaia Ruins;;
736;36;36;192;land;The Raging Chasm;;
737;32;100;64;land;Lakeshire;;
739;23;100;128;land;The Krazzworks;;
740;18;36;0;land;Balnir Farmstead;;
741;14;100;192;land;Durnholde Keep;;
742;9;36;64;land;Northridge Lumber Camp;;
743;4;100;255;land;Zul'Mashar;;
744;234;227;107;land;Elementium Depths;;
746;196;98;79;land;The Decrepit Fields;;
747;192;34;255;land;Dun Argol Bay;;
748;187;98;128;land;Moa'ki Harbor;;
749;183;34;0;land;Explorers' League Outpost;;
750;169;98;255;land;Ruins of Zul'kunda;;
751;164;34;128;land;Saldean's Farm;;
752;160;98;0;land;Redridge Canyons;;
753;157;34;114;land;Dun Niffelem;;
755;151;98;64;land;Dragonmaw Port;;
756;146;34;255;land;Dandred's Fold;;
757;141;98;128;land;Gilnean Islands;;
759;132;98;192;land;Unnamed;;
760;128;34;64;land;Magister's Terrace;;
761;255;225;120;land;Jotunheim;;
762;207;225;132;land;Rainspeaker Canopy;;
763;255;224;200;land;Quel'danil Lodge;;
764;225;224;174;land;Terrace of the Makers;;
766;68;96;0;land;The Mosslight Pillar;;
767;64;32;192;land;Camp Oneqwah;;
769;54;32;255;land;Halvarde;;
771;36;32;64;land;The Dead Acre;;
772;32;96;255;land;Render's Camp;;
773;18;32;192;land;Ruins of Alterac;;
774;13;96;64;land;Keel Harbour;;
775;9;32;255;land;Hearthglen;;
776;4;96;128;land;North Thalassian Pass;;
777;255;223;0;land;Sindragosa's Fall;;
778;237;158;128;land;The Fungal Vale;;
779;196;94;255;land;The Argent Stand;;
780;191;158;128;land;Dun Argol;;
781;187;94;0;land;Agmar's Hammer;;
782;182;158;192;land;Nifflevar;;
783;169;94;128;land;Zul'Gurub;;
784;164;158;0;land;Mortwake's Tower;;
785;159;94;192;land;Alther's Mill;;
787;150;94;255;land;Thundermar;;
788;146;158;128;land;Ironbeard's Tomb;;
789;141;94;0;land;Greymane Manor;;
790;137;158;192;land;Scholomance;;
791;132;94;64;land;An'owyn;;
792;108;157;64;land;Ironband's Excavation Site;;
794;68;92;192;land;Gundrak;;
795;63;156;64;land;Westfall Bridage Encampment;;
796;59;92;255;land;Stars' Rest;;
797;54;156;128;land;Giant's Run;;
799;36;156;255;land;The Dagger Hills;;
800;31;92;128;land;Stonewatch;;
801;27;156;0;land;Coldridge Valley;;
802;22;92;192;land;Kirkhaven;;
803;18;156;64;land;Vermillion Passage;;
804;13;92;255;land;Aderic's Repose;;
805;8;156;128;land;The Menders Stead;;
806;4;92;0;land;Zul'aman;;
807;54;91;72;land;Blasted Plains;;
808;237;154;79;land;Sanctum of the Sun;;
809;214;90;79;land;The Headlands;;
810;196;90;128;land;Zol'maz Stronghold;;
811;191;154;0;land;Ursoc's Den;;
812;187;90;192;land;Icemist Village;;
814;168;90;0;land;Surwich;;
815;164;154;192;land;Alexston Farmstead;;
816;159;90;64;land;Tower of Ilgalar;;
817;155;154;255;land;Coldridge Pass;;
819;145;154;0;land;Unnamed;;
820;141;90;192;land;The Blackwald;;
821;136;154;64;land;The Writhing Haunt;;
822;132;90;255;land;Zeb'Nowa;;
824;255;25;0;land;Kul'Tiras;;
825;210;25;111;land;Sunreaver's Command;;
826;0;153;75;land;Frenzyheart Hill;;
827;255;24;90;land;Shadow Shore;;
828;201;24;126;land;Camp Tunka'lo;;
829;187;24;155;land;Accursed Cove;;
830;154;216;222;land;Argent Vanguard;;
832;68;88;64;land;Altar of Mam'toth;;
833;63;152;255;land;Grizzlemaw;;
834;58;188;180;land;Wintergrasp Fortress;;
835;54;152;0;land;Camp Winterhoof;;
836;40;88;255;land;The Tainted Forest;;
837;36;152;128;land;Westfall Coast;;
838;31;88;0;land;Shalewind Canyon;;
839;26;152;192;land;Brewnall Village;;
841;17;152;255;land;Vermillion Redoubt;;
842;13;88;128;land;Stormglen Village;;
843;8;152;0;land;Gahrron's Withering;;
844;4;88;192;land;Farstrider Enclave;;
845;255;23;23;land;Nethander Stead;;
846;187;215;128;land;Onslaught Harbor;;
848;214;86;173;land;Emberstone Mine;;
849;191;150;192;land;Blue Sky Logging Grounds;;
850;186;86;64;land;Temple City of En'kilah;;
851;182;150;252;land;Fort Wildervar;;
852;173;150;0;land;Spirit Den;;
853;168;86;192;land;The Tainted Scar;;
855;154;150;128;land;Shimmer Ridge;;
856;150;86;0;land;The Maw of Mountains;;
858;141;86;64;land;Tempest Isles;;
859;136;150;255;land;The Weeping Cave;;
860;131;86;128;land;An'telas;;
862;81;81;255;land;Icy Wastes;;
863;86;84;126;land;Dalaran;;
864;67;84;126;land;Splinterspear Junction;;
865;63;148;128;land;Grizzly Hills;;
866;58;84;0;land;Death's Stand;;
867;54;148;192;land;Wildervar Shore;;
868;44;148;255;land;Mistvale Valley;;
869;40;84;128;land;Sunveil Excursion;;
870;35;148;0;land;Jangolode Mine;;
872;26;148;64;land;Crushcog's Arsenal;;
873;22;84;255;land;Ruins of Drakgor;;
874;17;148;128;land;Dun Modr;;
875;8;148;192;land;The Marris Stead;;
876;3;84;64;land;Amani Catacombs;;
878;255;18;160;land;The Twilight Breach;;
879;195;82;79;land;Misty Reed Post;;
880;191;146;64;land;Amberpine Lodge;;
881;186;82;255;land;Taunka'le Village;;
882;181;146;128;land;Valgarde;;
883;172;146;192;land;Nek'mani Wellspring;;
884;168;82;64;land;Blasted Pass;;
885;163;146;79;land;Bogpaddle;;
887;154;146;0;land;Gnomeregan;;
888;149;82;192;land;Unnamed;;
889;145;146;64;land;Aerie Peak;;
890;140;82;255;land;Tempest's Reach;;
891;136;146;128;land;Crown Guard Tower;;
892;131;82;0;land;Tranquil Shore;;
893;117;18;67;land;Forlorn Woods;;
894;59;82;37;land;Grom'arsh Crash Site;;
895;81;81;192;land;Sindragosa's Peaks;;
896;238;16;102;land;Snowdrift Plains;;
897;85;80;32;land;Dabyrie's Farmstead;;
898;67;80;128;land;Altar of Quetz'lun;;
899;62;144;0;land;Voidrune;;
900;58;80;192;land;The Geyser Fields;;
901;56;16;31;land;The Decrepit Flow;;
902;44;144;128;land;Ruins of Aboraz;;
903;40;80;0;land;The Darkened Bank;;
904;35;144;192;land;Furlbrow's Pumpkin Farm;;
906;26;144;255;land;Unnamed;;
908;12;80;192;land;Gilnean Fields;;
910;3;80;255;land;Unnamed;;
911;60;143;34;land;Argent Tournament;;
913;34;136;255;land;Brackwell Pumpkin Patch;;
914;213;78;173;land;Greymane Gate;;
915;209;142;173;land;The Noxious Glade;;
916;199;142;173;land;The Suntouched Pillar;;
917;195;78;64;land;Altar of Rhunok;;
918;190;142;255;land;Conquest Hold;;
919;186;78;128;land;Kaskala;;
920;172;142;64;land;Ruins of Jubuwal;;
921;167;78;255;land;The Vice;;
922;163;142;128;land;The Jansen Stead;;
924;154;142;192;land;Unnamed;;
925;149;78;64;land;Glopgut's Hollow;;
926;145;142;255;land;Hiri'watha Research Station;;
927;140;78;128;land;Gilneas City;;
928;135;142;0;land;Mereldar;;
930;187;205;22;land;The Bombardment;;
931;85;76;126;land;Brill;;
932;80;140;126;land;Northdale;;
933;67;76;0;land;Zim'torga;;
934;62;140;192;land;Granite Springs;;
935;60;140;0;land;New Hearthglen;;
936;58;76;64;land;Fizzcrank Airstrip;;
937;44;140;0;land;Hardwrench Hideaway;;
938;39;76;192;land;Deadman's Crossing;;
939;35;140;126;land;The Lifeblood Pillar;;
941;26;140;128;land;Ironforge;;
942;16;140;192;land;Shadra'alor;;
943;12;76;64;land;The Uplands;;
944;7;140;255;land;Farstrider Retreat;;
945;3;76;128;land;The Dead Scar;;
946;250;203;224;land;Engine of the Makers;;
947;255;125;200;land;Ymirheim;;
949;195;74;79;land;Temple of Atal'Hakkar;;
950;190;138;128;land;Zeb'halak;;
951;185;74;0;land;Bor'gorok Outpost;;
953;167;74;128;land;Karazhan;;
954;163;138;0;land;Eastvale Logging Camp;;
956;153;138;64;land;Kharanos;;
957;149;74;255;land;Farson Hold;;
958;144;138;128;land;The Altar of Zuli;;
959;140;74;0;land;The Sludge Fields;;
960;135;138;192;land;Zeb'Watha;;
961;131;74;64;land;West Sanctum;;
962;255;200;150;land;Purgation Isle;;
964;85;72;32;land;Venomweb Vale;;
966;66;72;32;land;Galen's Fall;;
967;62;136;64;land;Silverbrook;;
968;57;172;55;land;Amber Ledge;;
969;44;136;192;land;Gurubashi Arena;;
970;39;72;64;land;The Rotting Orchard;;
971;34;136;32;land;The Glimmering Pillar;;
973;25;136;0;land;Frostmane Retreat;;
974;21;72;192;land;Forgotten Hill;;
975;16;136;64;land;The Creeping Ruin;;
976;12;72;255;land;Azurelode Mine;;
978;2;72;0;land;Falthrien Academy;;
979;213;70;173;land;Scarlet Monastery;;
981;194;70;173;land;Stromgarde Keep;;
982;190;134;0;land;Wyrmrest Temple;;
983;185;70;192;land;Garrosh's Landing;;
984;171;134;128;land;Crystalvein Mine;;
985;167;70;0;land;Tranquil Gardens Cemetery;;
986;162;134;192;land;Tower of Azora;;
988;153;134;255;land;Ironband's Compound;;
989;149;70;128;land;Tol Barad;;
990;144;134;0;land;Skulk Rock;;
991;139;70;192;land;Ruins of Southshore;;
992;135;134;64;land;Acherus: the Ebon Hold;;
993;130;70;255;land;Dawnstar Spire;;
994;67;76;126;land;The Bloodmire;;
995;58;88;128;land;Azjol Nerub;;
996;68;88;32;land;Booty Bay;;
997;68;92;126;land;Jaguero Isle;;
998;91;4;48;land;Mord'rethar;;
999;71;132;126;land;Greenwarden's Grovei;;
1000;66;68;126;land;Arathi Hills;;
1002;57;68;128;land;Riplash Ruins;;
1003;43;132;64;land;The Sundering?;;
1004;39;68;255;land;Manor Mistmantle;;
1005;34;132;128;land;Stone Cairn Lake;;
1007;25;132;192;land;Gol'bolar Quarry;;
1009;16;132;255;land;Agol'watha;;
1010;11;68;128;land;The Headlands;;
1011;7;132;0;land;Scarlet Farmlands;;
1012;3;196;128;land;Sanctum of the Moon;;
1013;2;68;192;land;Suncrown Village;;
1015;212;66;79;land;Garren's Haunt;;
1016;199;130;79;land;The Black Breach;;
1017;194;66;0;land;Altar of Har'koa;;
1018;189;130;192;land;Emerald Dragonshrine;;
1019;185;66;64;land;Riplash Strand;;
1020;171;130;0;land;Explorers' League Digsite;;
1021;167;66;192;land;Darkshire;;
1022;162;130;64;land;Stormwind;;
1024;153;130;128;land;Unnamed;;
1025;148;66;0;land;The Grim Approach;;
1026;144;130;192;land;Seradane;;
1027;139;66;64;land;Southshore Crossing;;
1028;135;130;255;land;Ruins of the Scarlet Enclave;;
1029;130;66;128;land;Goldenmist Village;;
1031;0;120;94;land;Unnamed;;
1032;251;0;36;land;Angerfang Encampment;;
1033;125;0;150;land;Dreadmaul Post;;
1034;120;0;100;land;Serpent's Coil;;
1035;115;0;175;land;The Dark Portal;;
1037;105;0;200;land;The Red Reaches;;
1038;101;0;236;land;Windrunner Village;;
1039;100;0;232;land;Deatholme;;
1041;98;0;244;land;Howling Ziggurat;;
1042;95;0;50;land;Shattered Landing;;
1043;85;0;225;land;Shattered Beachhead;;
1044;84;64;32;land;Scarlet Outpost;;
1045;75;0;25;land;Altar of Storms;;
1046;71;0;236;land;Grizzlepaw Ridge;;
1047;70;0;232;land;The Farstrider Lodge;;
1048;69;0;248;land;Silver Stream Mine;;
1050;65;0;250;land;Okril'lon Hold;;
1051;61;128;128;land;The Ruined Road;;
1052;57;64;0;land;Valiance Keep;;
1054;52;0;240;land;Light's Shield Tower;;
1055;50;0;232;land;Menethil Harbor;;
1056;43;128;255;land;Mosh'ogg Ogre Mound;;
1057;38;64;128;land;Brightwood Grove;;
1058;34;128;0;land;Westbrook Garrison;;
1060;25;128;64;land;Unnamed;;
1061;20;64;255;land;Grim Batol;;
1063;6;128;192;land;Unnamed;;
1064;2;64;64;land;Tor'watha;;
1065;121;38;198;land;Rutheran Village;;
1067;24;121;196;land;Dolanaar;;
1068;254;235;137;land;Starbreeze Village;;
1069;51;135;1;land;Shadowglen;;
1070;81;217;155;land;The Oracle Glade;;
1071;154;159;97;land;Gnarlpine Hold;;
1072;161;229;85;land;Gnarlpine Caves;;
1073;210;153;201;land;Darnassus;;
1074;147;83;209;land;Wyrmscar Island;;
1075;234;169;105;land;Bloodcurse Isle;;
1076;102;158;112;land;The Warp Piston;;
1077;24;90;30;land;Blood Watch;;
1078;185;41;2;land;Axxarien;;
1079;243;68;27;land;Amberweb Pass;;
1080;18;148;24;land;The Vector Coil;;
1081;118;45;219;land;Nazzivian;;
1082;82;40;198;land;Blacksilt Shore;;
1083;40;26;95;land;The Cryo Core;;
1084;188;241;196;land;Wrathscale Lair;;
1085;26;107;239;land;Kessel's Crossing;;
1086;207;161;138;land;Stillpine Hold;;
1087;79;150;231;land;The Exodar;;
1088;225;162;246;land;Emberglade;;
1089;211;248;141;land;Azure Watch;;
1090;174;115;219;land;Odesyus Landing;;
1091;60;68;134;land;Bristlelimb Village;;
1092;145;188;13;land;Silvermyst Isle;;
1093;62;114;9;land;Ammen Vale;;
1094;197;249;144;land;Nestlewood Hills;;
1095;97;217;132;land;Azure Lakes;;
1096;74;126;7;wasteland;The Erupted Mountain;;
1097;15;238;131;land;Bilgewater Lumber Yard;;
1098;28;123;115;land;KTC Oil Platform;;
1099;150;139;57;land;Gallywix Docks;;
1100;219;3;149;land;The Slave Pits;;
1101;85;11;120;land;Warchief's Lookout;;
1102;134;76;108;land;Wild Overlook;;
1103;209;203;5;land;Shipwreck Shore;;
1104;114;148;19;land;Alliance Beachhead;;
1105;205;168;25;land;Horde Base Camp;;
1106;29;20;83;land;Oomlot Village;;
1107;104;234;226;land;Ruins of Vashj'elan;;
1109;148;61;15;land;Melted Land;;
1110;131;154;131;wasteland;Redridge Mountains;;
1112;136;246;86;wasteland;Unnamed;;
1114;78;63;63;wasteland;Unnamed;;
1116;70;19;115;wasteland;Ghostland Mountains;;
1117;159;227;109;wasteland;Lordaeron Mountains;;
1119;15;179;38;wasteland;Greymane Mountains;;
1120;1;144;152;wasteland;Tirisfal Mountains;;
1122;90;134;246;wasteland;Unnamed;;
1124;208;29;177;wasteland;Unnamed;;
1125;155;24;119;land;Stormfeather Outpost;;
1126;148;93;63;wasteland;Aerie Peak Mountains;;
1127;172;220;26;wasteland;Stromgarde Mountains;;
1128;88;70;219;wasteland;Greymane Wall;;
1129;59;41;165;wasteland;Twilight Mountains;;
1130;113;19;185;wasteland;Grim Mountains;;
1132;166;19;79;wasteland;Loch Modan Mountains;;
1134;111;227;138;land;Amberstill Ranch;;
1136;184;103;111;wasteland;Twilight Mountains;;
1137;235;184;229;land;Stonesplinter Valley;;
1139;56;226;13;wasteland;Dun Morogh Mountains;;
1140;155;52;240;land;New Tinkertown;;
1142;101;134;24;land;The Grizzled Den;;
1144;227;89;66;wasteland;Azerothian Mountains;;
1146;252;100;57;wasteland;Unnamed;;
1147;245;3;100;wasteland;Burning Mountains;;
1149;75;213;58;wasteland;Unnamed;;
1151;174;71;115;wasteland;Unnamed;;
1153;42;36;123;wasteland;Sorrowful Mountains;;
1155;243;146;217;wasteland;Unnamed;;
1157;204;211;246;wasteland;Zul'kunda Mountains;;
1159;33;99;16;wasteland;Tainted Mountains;;
1161;39;36;90;wasteland;The Maelstrom;;
1162;74;38;81;sea;Unnamed;;
1163;163;148;249;sea;Unnamed;;
1164;126;15;36;sea;Unnamed;;
1165;65;125;249;sea;Unnamed;;
1166;250;209;9;sea;Unnamed;;
1167;78;234;230;sea;Unnamed;;
1168;238;76;13;sea;Unnamed;;
1169;72;237;223;sea;Unnamed;;
1170;41;167;181;sea;Unnamed;;
1171;125;52;50;sea;Unnamed;;
1172;197;121;151;sea;Unnamed;;
1173;99;151;119;sea;Unnamed;;
1174;227;56;172;lake;Zeb'Nowa Lakes;;
1176;246;216;231;lake;Lakes of the Sun and Moon;;
1177;188;91;36;lake;Stratholme Lake;;
1178;62;15;21;lake;Northdale Lake;;
1179;62;254;213;lake;Eastwall Flow;;
1180;25;68;8;lake;Lake of the Light;;
1181;107;192;254;lake;Mereldar;;
1182;86;38;223;sea;Plagued Spring;;
1183;91;75;85;sea;Unnamed;;
1184;30;111;63;lake;Quil'danil Flow;;
1185;222;238;151;lake;Jintha'alor Lakes;;
1186;192;90;184;lake;Shadra'alor Lakes;;
1187;83;84;188;lake;Scarlet Lake;;
1188;0;77;220;lake;Waters of Brill;;
1189;122;209;198;lake;Tirisfal Lake;;
1190;96;110;239;lake;Fenrir Lake;;
1191;205;225;207;lake;Decrepit Lake;;
1192;86;215;161;lake;Greymane Lake;;
1193;160;92;229;lake;Beren's Flow;;
1194;167;234;50;lake;Tarren Lake;;
1196;169;204;30;lake;Lake Zul;;
1197;47;22;31;lake;Witherbark Lake;;
1198;114;24;107;sea;Ula-tek Basin;;
1199;88;36;220;sea;Unnamed;;
1200;24;148;148;sea;Unnamed;;
1201;212;98;128;sea;Unnamed;;
1202;209;34;42;sea;Unnamed;;
1203;35;43;154;sea;Unnamed;;
1204;202;255;99;sea;Unnamed;;
1205;5;186;7;sea;Unnamed;;
1206;162;201;25;sea;Unnamed;;
1207;185;152;251;sea;Unnamed;;
1208;126;200;80;lake;Lake Algaz;;
1209;88;24;34;lake;Lake Vawser;;
1211;178;252;74;lake;Loch Modan;;
1212;11;158;58;lake;Iceflow Lake;;
1214;67;58;254;lake;Northshire River;;
1215;7;7;153;sea;Unnamed;;
1216;62;112;205;sea;Unnamed;;
1217;150;22;24;sea;Unnamed;;
1218;74;46;159;sea;Unnamed;;
1219;151;46;20;lake;Blackrock Lake;;
1220;254;170;151;lake;Lake Everstill;;
1221;35;57;182;lake;Stonard Pools;;
1222;49;172;132;lake;Lake Amani;;
1223;62;176;35;lake;Sentinel Lake;;
1224;167;14;101;lake;Writhing Waters;;
1225;167;20;254;land;Jotunheim Shore;;
1226;237;54;177;land;Forgotten Cliffs;;
1227;109;59;224;land;Unnamed;;
1228;117;160;65;land;Thunderfall;;
1229;183;133;125;land;Unnamed;;
1230;46;113;62;lake;Amber Waters;;
1231;234;188;20;lake;Upper Geyser Pools;;
1232;20;15;166;lake;Lower Geyser Pools;;
1233;133;59;143;land;The Nexus;;
1234;207;60;82;lake;Death's Lake;;
1235;211;149;194;lake;Skyreach Flow;;
1236;154;157;125;lake;Frenzyheart Lake;;
1237;219;5;139;lake;The Maker's Lake;;
1238;4;106;75;lake;The Lost Lake;;
1240;234;82;75;lake;Lifeblood Crossing;;
1241;189;117;179;lake;River's Heart;;
1242;16;198;212;lake;Glimmering Lake;;
1243;201;60;115;lake;Icemist Lake;;
1244;169;93;207;sea;Unnamed;;
1245;133;239;73;lake;Lake of Stars;;
1246;85;16;151;sea;Unnamed;;
1247;110;19;103;lake;Moa'ki Pools;;
1249;129;141;159;sea;Unnamed;;
1250;170;99;231;lake;Silverbrook Lake;;
1251;184;8;30;sea;The Forgotten Flow;;
1253;40;214;114;lake;Grizzlemaw Lake;;
1254;47;20;64;sea;Lake of Skorn;;
1256;9;202;253;sea;Wildervar Lake;;
1257;225;230;218;lake;Lake of Giants;;
1258;156;18;142;land;North Coldarra Coast;;
1259;162;24;53;land;South Coldarra Coast;;
1260;4;1;108;land;East Coldarra Coast;;
1261;234;1;218;land;West Coldarra Coast;;
1262;51;251;49;land;The Makers' Perch;;
1263;200;109;137;land;The Savage Thicket;;
1264;239;217;235;land;The Lost Lands;;
1265;234;19;47;land;The Avalanche;;
1266;230;186;78;land;Death's Rise;;
1267;10;121;9;land;Corp'rethar;;
1268;147;113;119;land;Icecrown Citadel;;
1269;221;131;207;land;The Shadow Vault;;
1270;92;199;59;land;Aldur'thar;;
1271;250;209;229;land;Dalaran;;
1272;158;204;175;land;Forlorn Bridge;;
1273;253;126;11;land;The Unbound Thicket;;
1274;107;107;157;land;Stairs to Zul'drak;;
1275;91;68;5;land;Path to Storm Peaks;;
1276;2;33;135;land;Windrunner Overlook;;
1277;147;49;133;land;Temple of Storms;;
1278;66;90;222;land;Icy Wastes;;
1279;48;170;76;land;Ulduar Cliffs;;
1280;149;250;86;land;Brunnhildar Village;;
1281;162;179;185;land;Icy Wash;;
1282;239;143;245;land;Icy Pass;;
1283;99;44;109;land;Westwind Refugee Camp;;
1284;148;120;110;land;Drak'Tharon Keep;;
1285;85;58;19;land;Zim'torga Approach;;
1286;144;73;179;land;Gundrak Coast;;
1287;98;153;17;land;Gundrak Passage;;
1288;56;82;205;land;Howling Pass;;
1289;178;151;132;land;Venture Bay;;
1290;111;174;245;land;The Ancient Lift;;
1291;249;61;11;land;Narvir's Cradle;;
1292;6;169;4;sea;Unnamed;;
1293;113;12;33;sea;Unnamed;;
1294;121;163;123;sea;Unnamed;;
1295;238;37;82;land;Shatterspear War Camp;Kalimdor;Darkshore
1296;205;37;100;land;Shatterspear Vale;Kalimdor;Darkshore
1297;168;37;85;land;Ruins of Mathystra;Kalimdor;Darkshore
1298;162;37;45;land;Lor'danel;Kalimdor;Darkshore
1299;195;37;18;land;Bashal'Aran;Kalimdor;Darkshore
1300;238;37;15;land;Ruins of Auberdinei;Kalimdor;Darkshore
1301;223;37;90;land;Ameth' Aran;Kalimdor;Darkshore
1302;167;37;70;land;Grove of the Ancients;Kalimdor;Darkshore
1303;182;37;32;land;The Master's Glaive;Kalimdor;Darkshore
1304;160;37;32;land;Blackfathom Deeps;Kalimdor;Darkshore
1305;241;168;8;land;Orendil's Retreat;;
1306;186;168;36;land;Zoram'gar Outpost;;
1307;177;168;110;land;Maestra's Post;;
1308;190;124;18;land;The Shrine of Aessina;;
1309;223;168;98;land;Hellscream's Watch;;
1310;241;124;68;land;Astranaar;;
1311;182;124;84;land;Stardust Spire;;
1312;143;124;56;land;Raynewood Retreat;;
1313;181;124;22;land;Silverwind Refuge;;
1314;200;244;70;land;Jadefire Glen;;
1315;202;244;145;land;Emerald Sanctury;;
1316;169;244;128;land;Ruins of Constellas;;
1317;102;244;121;land;Jaedenar;;
1318;108;244;3;land;Bloodvenom Post;;
1319;55;200;226;land;Talonbranch Glade;;
1320;189;219;80;land;Ruins of Xyl;;
1321;78;39;11;land;Entrance of Timbermaw;;
1322;165;169;42;land;Timbermaw Hold;;
1323;149;122;153;land;Timbermaw Approach;;
1324;35;61;232;land;Shrine of Remulos;;
1325;38;45;11;land;Stormrage Barrow Dens;;
1326;92;28;4;land;Moonglade;;
1327;215;80;208;land;Frostsaber Rock;;
1328;81;4;76;land;The Hidden Grove;;
1329;89;213;127;land;Starfall Village;;
1330;158;177;37;land;Everlook;;
1331;235;37;17;land;Lake Kel'theril;;
1332;55;136;234;land;Mazthoril;;
1333;148;191;238;land;Frostwhisper Gorge;;
1334;73;173;153;land;Nordrassil;;
1335;130;207;63;land;The Circle of Cinders;;
1336;61;135;56;land;Shrine of Aviana;;
1337;12;242;195;land;Shrine of Goldrinn;;
1338;215;35;150;land;Grove of Aessina ;;
1339;176;186;186;land;The Regrowth;;
1340;18;191;75;land;Sanctuary of Malorne;;
1341;76;26;86;land;Sethria's Roost;;
1342;240;91;88;land;Sulfuron Spire;;
1343;70;116;69;land;Ascendant's Circle;;
1344;93;190;20;land;Gates of Sothann;;
1345;115;134;62;land;Seat of the Chosen;;
1346;35;123;167;land;The Forge of Supplication;;
1347;18;101;48;land;Doom's Vigil;;
1348;52;166;248;land;Sulfurion Path;;
1349;185;124;103;land;Splintertree Post;;
1350;241;124;42;land;Warsong Lumber Camp;;
1351;223;124;63;land;The Mor'shan Rampart;;
1352;67;118;105;land;Shadowsong Shrine;;
1353;224;124;94;land;Hyjal Approach;;
1354;182;124;51;land;Swamp of Mor'shan;;
1355;1;229;227;land;Stonetalon Peak;;
1356;103;175;45;land;Thal'darah Overlook;;
1357;215;61;95;land;Cliffwalker Post;;
1358;214;122;173;land;Thal'darah Grove;;
1359;117;185;214;land;Caverns of Thal'darah;;
1360;162;168;84;land;Farwatcher's Glen;;
1361;12;27;60;land;Sludgewerks;;
1362;235;85;40;land;Sun Rock Retreat;;
1363;237;24;0;land;Windshear Hold;;
1364;81;10;231;land;Krom'gar Fortress;;
1365;217;25;221;land;The Dry Hills;;
1366;28;58;199;land;Malaka'jin;;
1367;247;89;91;land;The Fold;;
1368;17;156;56;land;The Forgotten Pools;;
1369;165;253;178;land;Honor's Stand;;
1370;61;189;92;land;The Sludge Fen;;
1371;44;137;4;land;Nozzlepot's Outpost;;
1372;117;224;165;land;Far Watch Post;;
1373;2;161;233;land;The Crossroads;;
1374;91;136;4;land;The Wailing Caverns;;
1375;112;4;127;land;Ratchet;;
1376;137;98;46;land;The Stagnant Oasis;;
1377;184;132;99;land;Orgrimmar;;
1378;153;204;180;land;Drygulch Ravine;;
1379;209;157;210;land;Thunder Ridge;;
1380;78;66;154;land;Southfury Watershed;;
1381;117;186;148;land;Razor Hill;;
1382;33;123;51;land;Tiragarde Keep;;
1383;18;219;4;land;Valley of Trials;;
1384;113;57;201;land;Sen'jin Village;;
1385;102;34;116;land;Echo Isles;;
1386;186;139;34;land;Burnt Plains;;
1387;12;179;205;land;Nijel's Point;;
1389;53;95;50;land;Magram Territory;;
1390;201;74;110;land;Shok'thokar;;
1391;113;247;174;land;Cenarion Wildlands;;
1392;162;238;191;land;Thunder Axe Fortress;;
1393;66;195;111;land;Furion's Post;;
1394;226;71;54;land;Thargad's Camp;;
1395;110;27;59;land;Maraudon;;
1396;180;197;48;land;Gelkis Village;;
1397;136;16;228;land;Mannoroc Coven;;
1398;177;191;119;land;Shadowprey Village;;
1399;79;124;74;land;Ranazjar Isle;;
1400;186;215;164;land;Thunder Axe Plains;;
1401;218;94;134;land;Cenarion Plains;;
1402;252;186;143;land;Mannoroc Wastes;;
1403;181;194;149;land;Ranazjar Ruins;;
1405;211;29;241;land;Sunburnt Trail;;
1406;68;219;234;land;Windshear Trials;;
1407;225;29;182;land;Krom'gar Cliffs;;
1408;19;33;24;land;Krom'gar Caves;;
1409;248;212;93;land;The Dry Mountains;;
1411;215;74;27;wasteland;The Jadefire Hills;;
1413;116;122;33;wasteland;Moonglade Mountains;;
1414;187;116;127;wasteland;Frostsaber Mountains;;
1415;103;50;21;wasteland;Winterspring Mountains;Kalimdor;Winterspring
1417;72;177;58;wasteland;Western Hyjal;;
1419;89;137;156;wasteland;Eastern Hyjal;;
1420;64;154;44;land;Northern Barrens;;
1421;176;50;28;land;Orc Camps;;
1422;212;66;246;land;Central Barrens;;
1423;134;131;160;land;Caves of the Barrens;;
1425;87;37;35;wasteland;Southern Cliffs;Kalimdor;
1426;45;107;227;land;Orgrimmar Approach;;
1428;179;206;101;land;Tower of Eldara;;
1429;113;162;202;land;Sable Ridge;;
1430;39;149;27;land;Darnassian Camp;;
1431;5;133;77;land;Eldarath;;
1432;93;133;49;land;Ursolan;;
1433;26;118;88;land;Southern Azsharan Forest;;
1434;52;151;98;land;Ravencrest Monument;;
1435;39;209;193;land;Bilgewater Harbor;;
1436;79;133;24;land;Bear's Head;;
1438;190;57;14;land;Alcaz Island;;
1439;57;103;248;land;Northwatch Hold;;
1440;219;240;180;land;Forward Command;;
1441;44;175;10;land;Vendetta Point;;
1442;182;136;27;land;The Overgrowth;;
1443;243;83;252;land;Hunter's Hill;;
1444;59;187;92;land;Ruins of Taurajo;;
1445;241;49;209;land;The Great Gate;;
1446;22;142;5;land;Fort Triumph;;
1447;201;253;188;land;Desolation Hold;;
1448;231;168;121;land;Bael Modan;;
1449;111;28;136;land;Razorfen Kraul;;
1450;95;46;113;land;Blackhoof Village;;
1451;165;91;0;land;Brackenwall Village;;
1452;198;94;113;land;Direhorn Post;;
1453;9;189;163;land;Stonemaul Ruins;;
1454;189;91;69;land;The Wyrmbog;;
1455;32;86;30;land;Mudsprocket;;
1456;163;6;203;land;Theramore Isle;;
1457;245;54;157;land;Splithoof Heights;;
1458;178;152;191;land;Razerfen Downs;;
1459;77;65;177;land;The Great Lift;;
1460;134;216;68;land;Splithoof Trail;;
1461;132;201;77;land;Northern Swamp;;
1462;159;24;151;land;Bridge to Theramore;;
1463;217;226;57;land;Southern Swamp;;
1464;10;13;215;land;Razorfen Approach;;
1465;188;97;177;land;Sorrowful Path;;
1467;129;187;212;land;Stonetalon Pass;;
1468;54;209;8;land;Wildmane Water Well;;
1469;64;68;138;land;Camp Sungraze;;
1470;23;200;138;land;Red Rocks;;
1471;235;134;203;land;The Venture Co Mine;;
1472;79;14;142;land;Thunderhorn Water Well;;
1473;234;73;46;land;Thunder Bluff;;
1474;201;173;36;land;Bael'dun Digsite;;
1475;191;23;99;land;Bloodhoof Village;;
1476;240;100;238;land;Winterhoof Water Well;;
1477;86;11;252;land;Camp Narache;;
1479;61;29;249;wasteland;Western Thunder Bluff Mountains;;
1481;44;146;149;wasteland;Eastern Thunder Bluff Mountains;;
1482;131;174;136;land;Thunderhorn Plains;;
1483;124;177;198;land;Bloodhoof Plains;;
1484;93;159;109;land;Winterhoof Plainsi;;
1485;58;178;247;land;Ruins of Ravenwind;;
1486;4;241;216;land;Camp Ataya;;
1487;57;23;108;land;Dreamer's Rest;;
1488;173;187;155;land;Feathmoon Stronghold;;
1489;19;148;106;land;Ruins of Feathermoon;;
1490;16;12;221;land;Dire Maul;;
1491;239;138;44;land;Darkmist Ruins;;
1492;208;240;5;land;Ruins of Isildien;;
1493;236;193;164;land;Camp Mojache;;
1494;117;191;9;land;Gordunni Outpost;;
1495;157;92;228;land;Writhing Deep;;
1496;122;225;29;land;New Thalanaar;;
1497;37;187;88;land;Road to Ataya;;
1498;135;255;70;land;Feathermoon Trail;;
1499;59;118;7;land;Darkmist Woods;;
1501;103;140;212;wasteland;Dire Maul Mountains;;
1503;61;44;213;wasteland;The Writhing Mountains;;
1505;100;27;188;sea;Dreamer's Lake;;
1507;248;84;47;sea;Bloodhoof Lake;;
1508;132;67;57;land;The Crystal Vale;;
1509;64;10;29;land;Hive Ash;;
1510;211;20;67;land;Staghelm Point;;
1511;55;129;26;land;Valor's Rest;;
1512;213;243;102;land;Southwind Village;;
1513;115;192;83;land;Cenarion Hold;;
1514;42;228;41;land;Twilight Base Camp;;
1515;203;234;36;land;Twilight Post;;
1516;58;62;124;land;Hive Zora;;
1517;150;144;12;land;Bones of Grakkarond;;
1518;252;16;69;land;Hive Regal;;
1519;169;199;103;land;Twilight Outpost;;
1520;203;204;83;land;Temple of Ahn'qiraj;;
1521;18;202;194;land;Ruins of Ahn'qiraj;;
1522;93;173;16;land;Ahn'qiraj Approach;;
1524;152;75;7;wasteland;Ungoro Mountains;Kalimdor;
1526;129;253;172;land;Path to Sithilis;;
1527;100;216;161;land;The Screaming Reaches;;
1528;6;54;32;land;Lakkari Tar Pits;;
1529;21;12;251;land;Fungal Rock;;
1530;183;224;3;land;The Roiling Gardens;;
1531;157;117;52;land;The Shaper's Terrace;;
1532;153;174;253;land;Marshal's Stand;;
1533;183;157;52;land;Fire Plume Ridge;;
1534;203;2;248;land;Mossy Pile;;
1535;46;68;71;land;Golakka Hot Springs;;
1536;143;54;236;land;Terror Run;;
1537;249;0;167;land;The Slithering Scar;;
1538;37;34;205;land;Path to Tanaris;;
1539;13;126;100;land;Plain of Terror;;
1540;53;235;255;land;Burning Pile;;
1541;105;172;214;land;Zul'farrak;;
1542;211;210;59;land;Sandsorrow Watch;;
1543;84;205;9;land;Gadgetzan;;
1544;117;75;69;land;Caverns of Time;;
1545;78;197;193;land;The Noxious Lair;;
1546;159;173;33;land;Dunemaul Compound;;
1547;162;217;234;land;Valley of the Watchers;;
1548;93;141;80;land;The Gaping Chasm;;
1549;234;169;185;land;Land's End Beach;;
1550;131;166;196;land;Path to Tanaris;;
1551;158;230;186;land;Isles of Tanaris;;
1552;199;104;161;land;Timeless Beach;;
1553;130;181;250;land;Dunes of Tanaris;;
1554;5;140;123;land;Ungoro Approach;;
1555;89;248;29;land;Dunemaul Dunes;;
1556;176;195;9;land;Path to Uldum;;
1557;86;168;34;land;The Cursed Landing;;
1558;115;157;177;land;Halls of Origination;;
1559;47;113;150;land;Lost City of the Tol'vir;;
1560;177;253;207;land;The Vortex Pinnacle;;
1561;193;137;254;land;Throne of the Four Winds;;
1562;45;58;163;land;Akhenet Fields;;
1563;180;115;241;land;Neferset;;
1564;63;220;201;land;Obelisk of the Sun;;
1565;11;67;194;land;Cradle of the Ancients;;
1566;142;122;152;land;Ruins of Ammon;;
1567;205;238;32;land;Schonottz's Landing;;
1568;172;132;34;land;Orsis;;
1569;162;69;189;land;Ramkahen;;
1570;173;184;229;land;Obelisk of the Stars;;
1571;191;159;9;land;Khartut's Tomb;;
1572;74;168;134;land;Obelisk of the Moon;;
1573;244;169;190;land;Temple of Uldum;;
1574;208;202;62;land;Dunes of Uldum;;
1575;38;45;247;land;Cliffs of Uldum;;
1576;160;199;104;land;Ramkahen Walls;;
1577;43;9;107;land;Roiling Dunes;;
1578;110;113;9;land;Lake of the Moon;;
1579;126;65;102;land;Southsea Holdfast;;
1580;222;69;110;land;Southern Needles;;
1581;180;83;56;land;Northern Needles;;
1582;23;200;159;land;Freewind Post;;
1583;113;246;83;land;Darkcloud Pinnacle;;
1584;18;228;27;land;Westreach Summit;;
1585;113;30;120;land;Highperch;;
1586;50;31;101;land;The Dark Portal;;
1587;19;119;82;land;The Legion Front;;
1588;121;213;196;land;Zeth'gor;;
1589;75;51;125;land;Expedition Armory;;
1590;186;88;49;land;Honor Hold;;
1591;5;203;93;land;Hellfire Citadel;;
1592;18;84;64;land;Thrallmar;;
1593;28;193;93;land;Throne of Kil'jaeden;;
1594;24;155;114;land;Pools of Aggonar;;
1595;108;142;159;land;Mag'har Post;;
1596;187;112;32;land;Den of Haal'esh;;
1597;111;153;170;land;Falcon Watch;;
1598;34;47;168;land;Temple of Telhamat;;
1599;195;160;6;land;Ruins of Sha'naar;;
1600;67;100;138;wasteland;Northern Hellfire Mountains;;
1602;126;10;35;land;Hellfire Trail;;
1603;208;177;172;land;The Dead Mire;;
1604;39;33;214;land;Swamprat Post;;
1605;192;205;148;land;Cenarion Refuge;;
1606;214;197;47;land;Umbrafen Lake;;
1607;96;1;85;land;The Lagoon;;
1608;9;86;152;land;Telredor;;
1609;151;219;89;land;Coilfang Reservoir;;
1610;231;249;172;land;Twin Spire Ruins;;
1611;21;193;237;land;Serpent Lake;;
1612;59;95;86;land;Zabra'jin;;
1613;201;106;126;land;Sporeggar;;
1614;198;224;134;land;The Spawning Glen;;
1615;180;81;80;land;Marshlight Lake;;
1616;8;217;56;land;Ango'rosh Grounds;;
1617;135;121;97;land;Orebor Harborage;;
1619;50;83;16;land;Path to Blade Edge Mountains;;
1620;84;208;197;land;Zangar Ridge;;
1621;26;117;65;land;Warmaul Hill;;
1622;99;249;244;land;Forge Camp Hate;;
1623;175;55;172;land;Forge Camp Fear;;
1624;110;133;9;land;Twilight Ridge;;
1625;252;77;150;land;Oshu'gun;;
1626;243;173;110;land;Sunspring Post;;
1627;12;247;158;land;Halaa;;
1628;96;238;104;land;Garadar;;
1629;119;95;148;land;Laughing Skull Ruins;;
1630;100;209;154;land;Throne of the Elements;;
1631;195;112;237;land;Ring of Trials;;
1632;254;189;1;land;Telaar;;
1633;125;89;73;land;Kil'sorrow Fortress;;
1634;177;75;138;land;Burning Blade Ruins;;
1635;1;26;68;land;Warmaul Crossroads;;
1636;214;159;187;land;Southwind Cleft;;
1637;30;242;65;land;Burning Blade Plains;;
1638;14;57;36;land;Garadar Plains;;
1640;41;159;143;wasteland;Bleeding Hollow Mountains;;
1641;125;71;59;land;Shattrath City;;
1642;207;204;17;land;Cenarion Thicket;;
1643;213;252;97;land;Tuurem;;
1644;224;218;32;land;Firewing Point;;
1645;45;239;123;land;Bonechewer Ruins;;
1646;192;215;18;land;Allerian Stronghold;;
1647;192;110;199;land;Stonebreaker Hold;;
1648;97;185;144;land;Northern Bone Wastes;;
1649;77;75;92;land;Auchindoun;;
1650;75;41;194;land;Bleeding Hollow Ruins;;
1651;61;112;53;land;Skettis;;
1652;169;72;239;land;Razorthorn Shelf;;
1654;59;24;220;land;Raastok Glade;;
1655;230;19;12;land;Eastern Bone Wastes;;
1656;254;193;35;land;Western Bone Wastes;;
1657;212;51;66;land;Southern Bone Wastes;;
1658;170;9;222;land;Plains of Terokkar;;
1660;4;147;138;wasteland;Shadowmoon Mountains;;
1661;111;240;93;land;Shadowmoon Village;;
1662;153;171;145;land;Legion Hold;;
1663;136;90;102;land;Illidari Point;;
1664;48;212;146;land;Wildhammer Stronghold;;
1665;75;17;78;land;Eclipse Point;;
1666;155;181;218;land;Sanctum of the Stars;;
1667;56;51;12;land;The Deathforge;;
1668;187;233;231;land;Coilskar Point;;
1669;94;219;181;land;The Hand of Gul'dan;;
1670;90;232;101;land;Altar of Sha'tar;;
1671;145;143;85;land;The Black Temple;;
1672;26;153;191;land;Dragonmaw Fortress;;
1673;190;97;239;land;Netherwing Ledge;;
1674;55;237;20;land;Shadowed Wastes;;
1675;58;92;95;land;Shadowmoon Wastes;;
1676;17;154;183;land;Wildhammer Wastes;;
1677;30;67;211;land;Warden's Cage;;
1678;244;19;138;land;Fel Wastes;;
1679;86;13;250;land;Oronok's Farm;;
1680;198;76;90;land;Forge Camp Terror;;
1681;60;96;186;land;Ogri'la;;
1682;171;60;34;land;Forge Camp Wrath;;
1683;29;32;218;land;Raven's Wood;;
1684;35;102;222;land;Grishnath;;
1685;3;7;119;land;Bladespire Hold;;
1686;13;45;55;land;Circle of Blood;;
1687;193;247;68;land;Thunderlord Stronghold;;
1688;94;213;170;land;Bloodmaul Outpost;;
1689;112;106;28;land;Sylvanaar;;
1690;191;189;144;land;Death's Door;;
1691;129;73;217;land;Vekhaar Stand;;
1692;196;178;238;land;Mok'nathai;;
1693;90;13;101;land;Ruuan Weald;;
1694;47;152;71;land;Veil Ruuan;;
1695;211;67;248;land;Gruul's Lair;;
1696;65;165;157;land;Bash'ir Landing;;
1697;175;46;129;land;The Crystal Spine;;
1698;197;103;90;land;Forge Camp Anger;;
1699;91;153;7;land;Netherwarpped Passage;;
1700;93;76;29;wasteland;Bladespire Mountains;;
1701;235;21;1;land;Manaforge B'naar;;
1702;27;217;159;land;Area 52;;
1703;168;90;68;land;Arklon Ruins;;
1704;206;175;199;land;Ruins of Enkaat;;
1705;50;133;142;land;Manaforge Ara;;
1706;54;159;109;land;Manaforge Coruu;;
1707;128;95;203;land;Sunfury Hold;;
1708;133;134;167;land;Kirin'var Village;;
1709;18;37;203;land;Manaforge Duro;;
1710;101;107;102;land;Eco-dome Midrealm;;
1711;171;95;199;land;Stormspire;;
1712;184;255;11;land;Forge Base Oblivion;;
1713;219;112;253;land;Forge Base Gehenna;;
1714;235;14;88;land;Ruins of Farahlon;;
1715;56;219;13;land;Manaforge Ultris;;
1716;16;98;228;land;Celestial Ridge;;
1717;80;235;129;land;Tempest Keep;;
1718;243;188;94;land;Moonwater Retreat;;
1719;251;24;223;land;Pearlfin Village;;
1720;127;97;115;land;Paw'don Village;;
1721;204;62;81;land;Nectarbreeze Orchard;;
1722;97;44;61;land;Temple of the Jade Serpent;;
1723;192;181;3;land;Serpent's Heart;;
1724;137;194;190;land;Grookin Hill;;
1725;32;77;224;land;Dawn's Blossom;;
1726;134;209;41;land;The Arboretum;;
1727;74;92;66;land;Windward Isle;;
1728;178;234;17;land;Sri-la Village;;
1729;59;83;227;land;Tian Monastery;;
1730;77;159;240;land;Terrace of Ten Thunders;;
1731;244;132;214;land;Honeydew Village;;
1732;234;102;39;land;Emperor's Omen;;
1733;197;31;42;land;Grookin Woods;;
1734;35;116;25;land;Moonwater Islands;;
1735;238;202;218;land;Paw'don Islands;;
1736;108;169;239;land;Jade Islands;;
1737;1;50;158;land;Thunder Islands;;
1738;74;14;223;land;Moonwater Crossing;;
1739;207;49;19;land;Jade Crossing;;
1740;248;149;168;land;Serpent's Approach;;
1741;107;75;225;sea;Honeydew Lake;;
1742;178;50;218;sea;Tian Lakes;;
1743;104;149;138;sea;Sri-la River;;
1744;236;118;194;sea;Dawn Lakes;;
1745;149;68;1;sea;Arboretum Bay;;
1746;228;70;14;sea;Jade Bay;;
1747;122;183;193;sea;Pearlfin Waters;;
1748;151;82;213;sea;Paw'don Waters;;
1749;185;83;200;sea;Serpent's Heart Waters;;
1750;183;111;65;sea;Grookin Waters;;
1751;135;180;176;sea;Binan Waters;;
1752;88;15;0;sea;Thunderfoot Flow;;
1753;96;182;136;sea;Thunderfoot Waters;;
1754;186;71;228;sea;Silken Flow;;
1755;121;204;247;sea;Pools of Purity;;
1756;198;166;207;sea;Purity's Flow;;
1757;166;58;115;sea;Imperial Waters;;
1758;186;106;113;sea;Stormstout Waters;;
1759;181;145;163;sea;Thunder Celft Waters;;
1760;29;198;195;sea;Waters of the Red Crane;;
1761;38;64;162;sea;Nesingwary's Lake;;
1762;162;220;67;sea;Whitepetal Lake;;
1763;151;175;141;sea;Gui-lai Lake;;
1764;241;244;164;sea;Mogu'shan Pools;;
1765;154;247;236;sea;Lake of Stars;;
1766;177;186;73;sea;The Widening Deep;;
1767;116;224;231;sea;Dusklight Pools;;
1768;146;177;45;sea;Kota Lake;;
1770;90;3;166;sea;Zouchin Flow;;
1771;43;30;219;sea;Niuzao Lake;;
1772;53;23;174;sea;Sra'vess Lake;;
1773;15;213;170;land;Zhu's Watch;;
1774;70;166;116;land;The Incursion;;
1775;23;153;39;land;Anglers Wharf;;
1776;82;134;229;land;Thunder Cleft;;
1777;120;207;197;land;Ruins of Dojan;;
1778;242;24;16;land;Crane Wing Refuge;;
1779;171;220;255;land;Temple of the Red Crane;;
1780;203;49;52;land;Nayeli Lagoon;;
1781;192;35;44;land;Cradle of Chi-ji;;
1782;45;224;118;land;Dawnchaser Retreat;;
1783;194;102;232;land;Sentinel Basecamp;;
1784;174;22;190;land;Shores of Dojan;;
1785;75;142;44;land;Thunderfoot Overlook;;
1786;4;54;74;land;Thunder Cleft Overlook;;
1787;135;130;217;land;Domination Point;;
1788;41;109;187;land;Lion's Landing;;
1789;152;114;141;land;The Forbidden Forest;;
1790;168;79;221;land;Nesingwary's Safari;;
1791;214;123;70;land;Stoneplow;;
1792;43;212;116;land;Paoquan Hollow;;
1793;249;226;56;land;Stormstout Brewery;;
1794;173;72;172;land;The Imperial Granary;;
1795;0;32;176;land;The Heartland;;
1796;82;63;57;land;Halfhill;;
1797;229;23;12;land;Silken Fields;;
1798;185;24;217;land;Pools of Purity;;
1799;145;64;104;land;Thunderfoot Fields;;
1800;142;72;22;land;Tavern in the Mists;;
1801;245;135;104;land;Terrace of Endless Spring;;
1802;176;180;60;land;The Ancient Passage;;
1803;86;88;213;land;Halfhill Farmland;;
1804;124;104;7;land;Stormstout Plain;;
1805;205;125;132;land;Uncovered Burrows;;
1806;66;16;206;land;The Secret Aerie;;
1807;103;200;216;land;Mogu'shan Palace;;
1808;30;126;73;land;Shrine of Seven Stars;;
1809;92;129;78;land;Shrine of Two Moons;;
1810;36;45;123;land;The Golden Pagoda;;
1811;94;35;204;land;The Golden Stair;;
1812;194;173;248;land;Tu Shen Burial Ground;;
1813;177;99;70;land;Mistfall Village;;
1814;114;176;209;land;Setting Sun Garrison;;
1815;114;46;213;land;The Five Sisters;;
1816;250;105;175;land;Ruins of Guo-lai;;
1817;65;220;208;land;Guo-lai Halls;;
1818;234;181;25;land;Northern Vale Gate;;
1819;19;85;142;land;Central Vale Gate;;
1820;220;188;95;land;Mogu'shan Courtyard;;
1821;98;134;133;land;Whitepetal Woods;;
1822;7;199;44;land;Mogu'shan Hills;;
1823;0;88;170;land;Setting Sun Plain;;
1824;186;65;192;land;Golden Plain;;
1826;182;150;255;wasteland;Southern Vale Wall;;
1828;113;51;127;land;Osul Passage;;
1829;82;158;168;land;Stoneplow Passage;;
1830;67;213;118;sea;Pearlfin Lakes;;
1831;31;166;148;sea;Paw'don Lake;;
1832;166;20;95;land;Terrace of Gurthani;;
1833;161;29;69;land;Forgotten Mire;;
1834;127;88;162;land;Lake of Stars;;
1835;162;107;30;land;Kypari Zar;;
1836;63;30;70;land;Soggy's Gamble;;
1837;71;133;41;land;The Briny Muck;;
1838;44;36;67;land;Zan'vess;;
1839;179;27;51;land;Heart of Fear;;
1840;95;191;79;land;Klaxxi'vess;;
1841;248;26;63;land;Kor'vess;;
1842;215;238;12;land;Rikkitun Village;;
1843;21;149;25;land;Kypari Vor;;
1844;13;131;120;land;Lonesome Cove;;
1845;175;172;240;land;Chittering Coast;;
1846;37;199;50;land;Mazu's Overlook;;
1847;16;193;198;land;The Stinging Trail;;
1848;16;217;166;land;Duskroot Fen;;
1849;5;156;73;land;Kypari'ik;;
1850;27;247;24;land;The Horrid March;;
1851;38;156;220;land;Panic Clutch;;
1852;250;101;110;land;The Clutches of Shek'zeer;;
1853;205;54;173;land;Amberglow Hollow;;
1854;64;106;187;land;Venomous Ledge;;
1855;57;173;169;land;Whispering Stones;;
1856;63;204;128;land;Fear Clutch;;
1857;115;184;54;land;Horror Clutch;;
1858;160;119;67;land;The Thundering Run;;
1859;106;36;248;land;Gao-ran Battlefront;;
1860;210;184;243;land;Hatred's Vice;;
1861;80;87;187;land;Longying Outpost;;
1862;88;181;42;land;Fire Camp Osul;;
1863;143;179;149;land;Kri'vess;;
1864;240;126;28;land;Dusklight Hollow;;
1865;202;176;165;land;Rensai's Watchpost;;
1866;14;165;153;land;Sik'vess;;
1867;145;141;13;land;Niuzao Temple;;
1868;150;126;160;land;Sra'vess;;
1869;114;144;104;land;Shan'ze Dao;;
1870;222;2;21;land;Shado-pan Garrison;;
1871;4;40;43;land;Forward Assault Camp;;
1872;249;31;149;land;Lower Sumprushes;;
1873;62;186;127;land;Upper Sumprushes;;
1874;212;213;22;land;Dampsoil Burrow;;
1875;124;71;116;land;Dusklight Bridge;;
1876;214;149;235;land;The Underbough;;
1877;3;222;213;land;Fire Camp Gai-Cho;;
1878;248;160;200;land;Deadtalker's Plateau;;
1879;65;0;23;land;Kzzok Warcamp;;
1880;174;88;196;land;Fields of Niuzao;;
1881;245;240;248;land;Sra'thik Incursion;;
1882;188;49;29;land;Dawnseeker Promontory;;
1883;235;181;66;land;Court of Bones;;
1884;72;67;79;land;Za'tual;;
1885;20;47;133;land;Ihgaluk Crag;;
1886;147;29;163;land;Violet Rise;;
1887;66;229;148;land;Diremoor;;
1888;196;15;206;land;The Thunder Forges;;
1889;182;195;231;land;Stormsea Landing;;
1890;27;185;134;land;Throne of Thunder;;
1891;93;6;195;land;Thundering Gates ;;
1892;10;247;137;land;Shado-pan Monastery;;
1893;223;176;219;land;Winter's Blossom;;
1894;38;132;191;land;Kota Basecamp;;
1895;7;166;51;land;Shado-pan Fallback;;
1896;85;253;253;land;Westwind Rest;;
1897;134;5;8;land;Lastwind Rest;;
1898;231;237;192;land;Binan Village;;
1899;95;56;123;land;The Yaungol Advance;;
1900;105;197;241;land;One Keg;;
1901;241;61;34;land;Temple of the White Tiger;;
1902;86;162;40;land;Mogu'shan Terrace;;
1903;193;161;208;land;Peak of Serenity;;
1904;190;227;66;land;Zouchin Village;;
1905;79;181;119;land;Isle of Reckoning;;
1906;248;129;8;land;The Dooker Dome;;
1907;216;113;101;land;Mogujia;;
1908;80;194;196;land;Muskpaw Ranch;;
1909;51;20;18;land;Fire Camp Ordo;;
1910;155;213;127;land;Chow Farmstead;;
1911;52;85;211;land;Inkgill Mereb;;
1912;212;74;62;land;Lao & Son's Yakwash;;
1913;222;103;133;land;Yinying Village;;
1914;1;145;121;land;Garrosh'ar Advance;;
1915;219;220;121;land;Valley of Emperors;;
1917;65;86;71;land;The Grummle Bazaar;;
1918;164;44;236;land;Fire Camp Ruqin;;
1919;177;182;105;land;Firebough Nook;;
1920;234;228;33;land;Isle of Giants;;
1921;75;115;143;land;South Thalassian Pass;;
1922;114;125;128;land;Browman Mill;;
1923;48;25;149;land;Scourge Bulwark;;
1924;149;203;102;land;7-th Legion Base Camp;;
1925;34;216;216;land;Calston Estate;;
1926;151;235;111;land;Nightmare Vale;;
1927;163;231;102;land;Scarlet Tower;;
1928;87;124;152;land;Death's Watch Waystation;;
1929;96;218;235;land;Circle of West Binding;;
1930;99;84;182;land;Durnholde Passage;;
1931;41;221;139;land;Dun Garok;;
1932;194;145;115;land;Circle of Inner Binding;;
1933;139;115;231;land;Thandol Span;;
1934;129;178;155;land;Boulderfist Outpost;;
1935;20;37;252;land;Circle of East Binding;;
1936;118;6;209;land;Go'shek Farm;;
1937;244;250;23;land;Circle of Outer Binding;;
1938;91;93;251;land;Shaol'watha;;
1939;247;155;141;land;Direforge Hill;;
1940;208;118;74;land;Raptor Ridge;;
1941;137;173;169;land;Mo'grosh Stronghold;;
1942;85;25;142;land;Loch Modan;;
1943;19;82;3;land;Ironforge Airfield;;
1944;0;94;204;land;Algaz Station;;
1945;225;181;136;land;South Gate Pass;;
1946;129;115;116;lake;Helm's Bed Lake;;
1947;35;165;107;lake;Amberstill Lake;;
1948;73;30;153;lake;Ironforge Pools;;
1949;200;28;159;land;Anvilmar;;
1950;84;148;33;lake;Coldridge Lake;;
1951;166;218;252;land;Frostmane Hold;;
1952;51;96;95;land;Blackrock Mountain;;
1953;93;19;139;land;Stonewrought Pass;;
1954;148;33;72;land;Dustfire Valley;;
1955;247;48;129;land;Thorium Advance;;
1956;100;98;145;land;Grimsilt Dig Site;;
1957;195;71;195;land;The Sea of Cinders;;
1958;22;51;124;land;The Cauldron;;
1959;19;221;45;land;Thorium Point;;
1960;127;203;30;land;Firewatch Ridge;;
1961;87;181;64;land;Iron Summit;;
1962;216;52;137;land;Blackrock Passage;;
1963;254;236;160;wasteland;Dun Murogh Mountains;;
1964;104;106;235;land;Blackchar Cave;;
1965;25;107;211;land;Pyrox Flats;;
1966;72;113;217;land;The Slag Pit;;
1967;161;147;131;land;New Kargath;;
1968;45;88;101;land;Uldaman;;
1969;182;71;215;land;Angor Fortress;;
1970;88;142;231;land;Camp Kosh;;
1971;59;185;29;land;Dustwind Dig;;
1972;108;15;12;land;Bloodwatcher Point;;
1973;108;247;172;land;Agmond's End;;
1974;52;140;184;land;Dragon's Mouth;;
1975;44;227;88;land;Fuselight;;
1976;210;198;54;land;Lethlor Ravine;;
1977;173;227;169;land;Fuselight-by-the-sea;;
1978;220;200;199;land;The Dustbowl;;
1979;12;130;112;land;Dustbelch Grotto;;
1980;226;225;142;land;Altar of Storms;;
1981;115;190;41;land;Flamestar Post;;
1982;25;68;121;land;The Whelping Downs;;
1983;85;40;180;land;Blackrock Stronghold;;
1984;41;209;113;land;Black Tooth Hovel;;
1985;16;180;189;land;Chiselgrip;;
1986;204;184;254;land;Ruins of Thaurissan;;
1987;45;139;51;land;Flame Crest;;
1988;128;246;237;land;Dreadmaul Rock;;
1989;112;144;105;land;Morgan's Vigil;;
1990;254;244;152;land;Valley of Ashes;;
1991;240;187;154;land;Blackrock Valley;;
1992;114;234;155;land;Keeshan's Post;;
1993;151;191;199;land;Camp Everstill;;
1994;132;35;44;land;Redridge Trail;;
1995;203;223;113;land;Bogpaddle Islands;;
1996;11;114;102;land;Strangethorn Trail;;
1997;137;116;12;land;Rebel Camp;;
1998;175;154;211;land;Janeiro's Point;;
1999;180;229;184;land;The Deadmines;;
2000;111;140;110;land;The Molsen Farm;;
2001;100;93;9;lake;Northpass Lakes;;
2002;86;169;14;lake;Terrorlake;;
2003;86;136;166;land;Wellson Shipyard;;
2004;14;137;126;land;Cape of Lost Hope;;
2005;102;141;87;land;Rustberg Vilage;;
2006;35;199;98;land;The Darkwood;;
2007;233;222;54;land;Largo's Overlook;;
2008;240;163;196;land;The Restless Front;;
2009;186;210;146;land;Tol Barad Approach;;
2010;72;28;105;land;Baradin Hold;;
2011;113;46;103;land;Ironclad Garrison;;
2012;198;113;110;land;Slagworks;;
2013;128;251;146;land;Warden's Vigil;;
2014;34;49;211;land;Green Lantern Slums;;
2015;172;21;22;land;Boralus Farmlands;;
2016;70;131;76;sea;Skorn Flow;;
2017;56;233;169;sea;Winterhoof River;;
2018;142;60;49;sea;Wildervar Flow;;
2019;243;73;97;wasteland;Outland Rift;;
2020;117;245;81;lake;Skettis Lake;;
2021;205;107;162;lake;Shadowmoon Lake;;
2022;58;60;5;lake;Bonechewer Lake;;
2023;74;216;2;lake;Shattrath Lake;;
2024;204;36;62;lake;Garadar Lake;;
2025;92;121;196;lake;Sunspring Lake;;
2026;99;108;53;lake;Lake of Kul Tiras;;
2027;144;38;111;land;Waters of Deathknell;;
2028;168;226;92;land;The Stair of Destiny;;
2029;239;50;48;land;Spinebreaker Post;;
2030;48;189;130;land;Forge Camp: Mageddon;;
2031;76;169;203;land;Forge Camp: Rage;;
2032;146;195;247;land;Invasion Point: Annibhilator;;
2033;195;176;33;land;The Warp Fields;;
2034;130;118;133;land;The Great Fissure;;
2035;219;170;130;land;Fallen Sky Ridge;;
2036;53;169;221;land;Netherwing Fields;;
2037;55;90;127;land;Ruins of Baa'ri;;
2038;115;90;17;land;Blackwind Landing;;
2039;11;59;83;land;Veil Harr'ik;;
2040;163;146;71;land;Terokk's Rest;;
2041;213;61;208;land;Veil Shienor;;
2042;9;227;28;land;Grangol'var Village;;
2043;205;166;10;land;Veil Skith;;
2044;120;96;161;land;Tomb of Lights;;
2045;56;252;81;land;Veil Shalas;;
2046;195;182;211;land;Veil Lithic;;
2047;235;23;206;land;Shadowtomb;;
2048;30;177;130;land;Veil Reskk;;
2049;170;45;60;land;Umbrafen Marsh;;
2050;129;253;41;land;Clan Watch;;
2051;44;241;122;land;Windyreed Village;;
2052;144;208;46;land;Windyreed Pass;;
2053;2;65;20;land;Raven's Pass;;
2054;239;208;157;land;Razor Ridge;;
2055;118;40;121;land;Singing Ridge;;
2056;147;53;85;land;The Heap;;
2057;188;57;47;land;The Scrap Field;;
2058;82;182;184;land;Cosmowrench;;
2059;180;88;244;land;Ethereum Staging Grounds;;
2060;54;243;108;land;Eco-dome Farfield;;
2061;30;238;92;land;Socrethar's Seat;;
2062;247;239;253;land;Feralfen Village;;
2063;41;207;190;land;Quagg Ridge;;
2064;112;32;26;land;Hewn Bog;;
2065;115;218;150;land;Daggerfen Village;;
2066;106;107;171;land;Ango'rosh Stronghold;;
2067;242;245;97;land;Slingtail Pits;;
2068;19;39;153;land;Wreck of the Vanguard;;
2069;110;179;222;land;Den of Sorrow;;
2070;159;63;166;land;Twinspire Keep;;
2071;199;67;57;land;Camp Gormal;;
2072;214;60;175;land;Serpent's Overlook;;
2073;224;55;43;land;Dookin' Grounds;;
2074;100;1;95;land;Shrine of the Dawn;;
2075;46;23;156;land;Greenstone Village;;
2076;120;108;172;land;Forest Heart;;
2077;140;134;65;land;Camp Nooka Nooka;;
2078;194;242;109;land;Honeydew Hills;;
2079;4;34;135;land;Grookin Groves;;
2080;133;86;209;land;Honeydew Shrine;;
2081;86;34;242;sea;Unnamed;;
2082;118;113;22;sea;Unnamed;;
2083;126;121;254;sea;Unnamed;;
2084;152;196;210;sea;Unnamed;;
2085;49;7;3;sea;Unnamed;;
2086;137;21;218;sea;Unnamed;;
2087;240;145;165;sea;Unnamed;;
2088;14;253;20;sea;Unnamed;;
2089;23;3;180;sea;Unnamed;;
2090;105;47;28;sea;Unnamed;;
2091;152;118;207;sea;Unnamed;;
2092;159;175;34;sea;Unnamed;;
2093;194;1;150;sea;Unnamed;;
2094;154;42;146;sea;Unnamed;;
2095;198;151;139;sea;Unnamed;;
2097;207;218;104;land;Mosslight Shore;;
2098;207;196;140;land;Savage Shore;;
2099;82;189;215;land;Mosslight Hills;;
2100;60;114;63;land;The Savage Remains;;
2101;174;96;117;land;Crystal Passage;;
2102;1;182;115;land;Ivald's Ruin;;
2103;32;1;233;land;Baleheim;;
2104;242;202;165;land;Cauldros Isle;;
2105;102;5;146;land;Halgrind;;
2106;210;153;133;land;The Vibrant Glade;;
2107;141;175;147;land;The Frozen Glade;;
2108;200;209;29;land;The Twisted Glade;;
2109;87;180;166;land;Plains of Gjalerbron;;
2110;172;15;119;land;Baelgun's Excavation Site;;
2111;8;240;135;land;Heart's Blood Shrine;;
2112;96;225;166;land;Vordrassil's Heart;;
2113;60;41;185;land;Vordrassil's Limb;;
2114;211;216;84;land;Vordrassil's Tears;;
2115;162;89;19;land;Kartak's Hold;;
2116;108;26;238;land;Unu'pe;;
2117;186;96;247;land;Dens of the Dying;;
2118;180;203;133;land;Talramas;;
2119;249;241;43;land;Steeljaw's Caravan;;
2120;205;133;199;land;Torp's Farm;;
2121;86;184;100;land;Plains of Nasam;;
2122;96;255;234;land;Gammoth;;
2123;12;233;190;land;Isles of Nasam;;
2125;64;70;237;land;Coldarra Pass;;
2126;48;207;26;land;Tower of Life;;
2127;132;192;54;land;Shadowsight Tower;;
2128;21;231;219;land;Winter's Edge Tower;;
2129;112;236;164;land;Flamewatch Tower;;
2130;232;216;110;land;Moonrest Gardens;;
2131;32;185;37;land;Indu'le;;
2132;74;114;51;land;Fordragon Hold;;
2133;5;188;153;land;Coldwind Heights;;
2134;231;227;240;land;Scarlet Point;;
2135;69;89;72;land;Nighthaven;;
2136;181;227;217;land;Moonshone Pass;;
2137;76;64;17;wasteland;Mountains of Northrend;;
2138;37;96;7;land;Goldshire Woods;;
2139;160;153;228;land;Goldshire Farms;;
2140;78;233;209;land;Northshire Abbey;;
2141;202;197;76;land;Stormwind Harbour;;
2142;80;213;153;land;Pools of Stormwind;;
2143;74;100;46;land;Stonecairn Hills;;
2144;85;219;34;land;Jasperlode Mine;;
2145;189;184;159;land;Woods of Elwynn;;
2146;226;248;102;land;Crystal Lake Trail;;
2147;140;189;19;land;Westvale Path;;
2148;2;30;55;land;Eastvale Path;;
2149;235;229;176;land;Stormwind Gates;;
2150;12;223;161;land;Dusky Bank;;
2151;50;211;182;land;Withered Remains;;
2152;24;132;103;land;Raven's Cloister;;
2153;236;167;6;land;Howling Stones;;
2154;30;239;99;land;The Raging Ravine;;
2155;48;73;171;land;Murky Pools;;
2156;62;23;71;land;The Quagmire;;
2157;165;142;168;land;Nethergarde Caves;;
2158;110;1;138;land;The Murky Shore;;
2159;130;200;160;land;Crackling Ruins;;
2160;28;22;171;land;Jin'jii Ruins;;
2161;228;168;237;land;Deadman's Foil;;
2162;157;137;94;land;Darkshire Pass;;
2163;250;227;72;land;The Crumbling Cliff;;
2164;50;144;192;land;The Obsidian Scar;;
2165;195;132;33;land;Plunder Isle;;
2166;124;123;121;land;Hills of Booty Bay;;
2167;161;106;64;land;Mistvale Plains;;
2169;215;168;160;land;Dagger Shore;;
2171;255;198;52;land;Tainted Hills;;
2173;16;174;199;land;The Red Shore;;
2174;50;26;161;land;Shattered Hills;;
2176;119;175;245;land;Stormy Pass;;
2177;227;46;167;land;Dark Road;;
2178;136;231;219;land;The Darkened Retreat;;
2180;215;139;144;land;Stonard Bog;;
2181;212;132;169;land;Splinterspear Bog;;
2182;175;251;143;land;Deadman's Peak;;
2183;199;37;209;land;Jin'ji Shore;;
2184;156;211;169;land;Stagalbog Island;;
2185;37;158;98;land;Mistreed Island;;
2186;226;7;60;land;Crackling Banks;;
2188;245;160;29;land;Murky Banks;;
2189;103;158;64;land;Murky Islands;;
2191;97;254;102;land;Swampy Passage;;
2192;164;23;237;land;Rotbrain Encampment;;
2193;252;253;192;land;Central Redridge Trail;;
2194;223;207;253;land;Banks of Everstill;;
2195;66;226;91;land;Burning Approach;;
2196;242;230;251;land;Stonewatch Fields;;
2197;204;252;4;land;Shalewind Ruins;;
2198;69;50;90;land;Ilgalar Fields;;
2199;86;202;121;land;Shalewind Approach;;
2200;136;92;48;land;Northshire Hills;;
2201;60;149;170;land;Dusty Shore;;
2202;85;71;236;land;Trade District;;
2203;58;3;88;land;Dwarven District;;
2204;62;130;19;land;Cathedral Square;;
2205;88;213;39;land;The Mage Quarter;;
2206;251;250;44;land;Old Town;;
2207;134;212;176;land;Park District;;
2209;238;205;125;land;Abasi;;
2210;3;18;0;land;Maisara;;
2211;181;112;199;land;Maisara Hills;;
2212;223;167;248;land;Gates of Zul'Aman;;
2213;130;206;218;land;Shrines of Zul'Aman;;
2214;85;42;116;land;Shrine of Ula-tek;;
2215;249;249;218;land;Ula-tek Shore;;
2216;28;222;248;land;Darkwhisper Gorge;Kalimdor;Winterspring
2217;81;192;186;land;Ice Thistle Hills;Kalimdor;Winterspring
2218;10;139;11;land;Winterfall Village;Kalimdor;Winterspring
2219;87;67;178;land;Timbermaw Post;Kalimdor;Winterspring
2220;251;56;36;land;Frostfire Hot Springs;Kalimdor;Winterspring
2221;162;219;108;land;Felpaw Village;Kalimdor;Felwood
2222;146;219;150;land;Irontree Cavern;Kalimdor;Felwood
2223;96;219;113;land;Irontree Woods;Kalimdor;Felwood
2224;121;219;60;land;Jadefire Run;Kalimdor;Felwood
2225;172;219;52;land;Shatter Scar Vale;Kalimdor;Felwood
2226;232;244;70;land;Morlos'Aran;Kalimdor;Felwood
2227;178;152;104;land;The Howling Vale;Kalimdor;Ashenvale
2228;232;152;84;land;Bathran's Hand;Kalimdor;Ashenvale
2229;199;152;25;land;Lake Falathim;Kalimdor;Ashenvale
2230;178;152;54;land;Greenpaw Village;Kalimdor;Ashenvale
2231;209;152;93;land;Silverwing Grove;Kalimdor;Ashenvale
2232;183;152;89;land;Bloodtooth Camp;Kalimdor;Ashenvale
2233;184;124;48;land;Bough Shadow;Kalimdor;Ashenvale
2234;180;124;94;land;Satyrnaar;Kalimdor;Ashenvale
2235;184;106;39;land;Labor Camp;Kalimdor;Ashenvale
2236;177;106;86;land;Felfire Hill;Kalimdor;Ashenvale
2237;232;106;58;land;Fire Scar Shrine;Kalimdor;Ashenvale
2238;154;106;39;land;Iris Lake;Kalimdor;Ashenvale
2239;105;118;68;land;Valormok;Kalimdor;Azshara
2240;105;118;17;land;Forlorn Ridge;Kalimdor;Azshara
2241;79;118;16;land;The Ruined Reaches;Kalimdor;Azshara
2242;35;118;39;land;Lake Mennar;Kalimdor;Azshara
2243;97;151;39;land;Southridge Beach;Kalimdor;Azshara
2244;65;133;97;land;Timbermaw Hold;Kalimdor;Azshara
2245;102;133;47;land;Temple of Zin-Malor;Kalimdor;Azshara
2246;59;133;20;land;The Shattered Strand;Kalimdor;Azshara
2247;24;133;36;land;Bitter Reaches;Kalimdor;Azshara
2248;92;133;23;land;Haldarr Encampment;Kalimdor;Azshara
2249;68;133;64;land;Bay of Storms;Kalimdor;Azshara
2250;64;133;76;land;Legash Encampment;Kalimdor;Azshara
2251;164;37;42;land;Darkwood Den;Kalimdor;Darkshore
2252;155;37;90;land;Remtravel's Excavation;Kalimdor;Darkshore
2253;196;37;112;land;Twilight Vale;Kalimdor;Darkshore
2254;235;37;92;land;The Long Wash;Kalimdor;Darkshore
2255;236;37;36;land;Tower of Althalaxx;Kalimdor;Darkshore
2256;188;37;18;land;Darkwood Pass;Kalimdor;Darkshore
2257;103;37;21;wasteland;Unnamed;Kalimdor;Azuremyst Isle
2258;64;114;67;land;Ammen Fields;Kalimdor;Azuremyst Isle
2259;93;114;40;land;Shadow Ridge;Kalimdor;Azuremyst Isle
2260;52;114;16;land;Ammen Ford;Kalimdor;Azuremyst Isle
2261;17;114;45;land;Nestlewood Thicket;Kalimdor;Azuremyst Isle
2262;197;248;84;land;Geezle's Camp;Kalimdor;Azuremyst Isle
2263;158;248;26;land;Wrathscale Point;Kalimdor;Azuremyst Isle
2264;128;248;61;land;Fairbridge Strand;Kalimdor;Azuremyst Isle
2265;162;248;108;land;Exodar Fields;Kalimdor;Azuremyst Isle
2266;70;107;196;land;Bladewood;Kalimdor;Bloodmyst Isle
2267;49;107;113;land;Vindicator's Rest;Kalimdor;Bloodmyst Isle
2268;68;153;38;land;Ruins of Loreth'Aran;Kalimdor;Bloodmyst Isle
2269;101;163;113;land;Middenvale;Kalimdor;Bloodmyst Isle
2270;45;153;102;land;Bristlelimb Enclave;Kalimdor;Bloodmyst Isle
2271;98;153;65;land;Beryl Coast;Kalimdor;Bloodmyst Isle
2272;163;153;74;land;The Lost Fold;Kalimdor;Bloodmyst Isle
2273;221;153;46;land;Mystwood;Kalimdor;Bloodmyst Isle
2274;125;107;160;land;Ragefeather Ridge;Kalimdor;Bloodmyst Isle
2275;192;68;80;land;Tel'athion's Camp;Kalimdor;Bloodmyst Isle
2276;102;71;40;wasteland;Unnamed;Kalimdor;Teldrassil
2277;218;29;134;land;Stonetalon Pass;Kalimdor;Stonetalon Mountains
2278;172;29;96;land;Sishir Canyon;Kalimdor;Stonetalon Mountains
2279;118;29;113;land;Boulderslide Ravine;Kalimdor;Stonetalon Mountains
2280;111;29;171;land;Grimtotem Post;Kalimdor;Stonetalon Mountains
2281;161;29;194;land;Camp Aparaje;Kalimdor;Stonetalon Mountains
2282;117;149;165;land;Boulder Lode Mine;Kalimdor;Barrens
2283;92;154;84;land;Thorn Hill;Kalimdor;Barrens
2284;69;224;100;land;Ratchet Overlook;Kalimdor;Barrens
2285;97;224;44;land;Muddy Shore;Kalimdor;Barrens
2286;170;224;56;land;Raptor Grounds;Kalimdor;Barrens
2287;86;224;68;land;Blackthorn Ridge;Kalimdor;Barrens
2288;138;157;125;land;Rocktusk Farm;Kalimdor;Durotar
2289;153;157;81;land;Skull Rock;Kalimdor;Durotar
2290;92;157;94;land;Razormane Grounds;Kalimdor;Durotar
2291;141;157;144;land;Burning Blade Coven;Kalimdor;Durotar
2292;63;157;103;land;Scuttle Coast;Kalimdor;Durotar
2293;100;157;84;land;Kolkar Crag;Kalimdor;Durotar
2294;64;157;121;land;Razor Trail;Kalimdor;Durotar
2295;107;23;71;land;Red Cloud Mesa;Kalimdor;Mulgore
2296;157;23;101;land;Pale Mane Rock;Kalimdor;Mulgore
2297;85;23;52;land;Sun Beaten Trail;Kalimdor;Mulgore
2298;85;179;175;land;Sargeron;Kalimdor;Desolace
2299;202;215;93;land;Tethris Aran;Kalimdor;Desolace
2300;142;215;83;land;Scrabblescrew's Camp;Kalimdor;Desolace
2301;92;215;67;land;Bolgan's Hole;Kalimdor;Desolace
2302;172;215;71;land;Sar'theris Strand;Kalimdor;Desolace
2303;132;215;70;land;Jademir Lake;Kalimdor;Feralas
2304;133;126;77;land;Oneiros;Kalimdor;Feralas
2305;92;178;100;land;The Twin Colossals;Kalimdor;Feralas
2306;74;187;59;land;Feral Scale Vale;Kalimdor;Feralas
2307;17;187;65;land;Frayfeather Highlands;Kalimdor;Feralas
2308;117;187;57;land;The Writhing Deep;Kalimdor;Feralas
2309;88;144;118;land;Grimtotem Compound;Kalimdor;Feralas
2310;163;144;110;land;Lower Wilds;Kalimdor;Feralas
2311;62;144;71;land;Upper Headlands;Kalimdor;Feralas
2312;141;144;51;land;Lariss Pavillion;Kalimdor;Feralas
2313;137;156;186;land;Camp E'thok;Kalimdor;Thousand Needles
2314;78;156;100;land;The Screeching Canyon;Kalimdor;Thousand Needles
2315;144;156;96;land;Splithoof Crag;Kalimdor;Thousand Needles
2316;73;156;159;land;The Weathered Nook;Kalimdor;Thousand Needles
2317;153;156;92;land;Ironstone Camp;Kalimdor;Thousand Needles
2318;79;156;61;land;The Shimmering Flats;Kalimdor;Thousand Needles
2319;187;156;50;land;Rustmaul Dig Site;Kalimdor;Thousand Needles
2320;43;156;66;land;Windbreak Canyon;Kalimdor;Thousand Needles
2321;163;75;65;land;Southmoon Ruins;Kalimdor;Tanaris
2322;107;255;65;land;Slithering Passage;Kalimdor;Tanaris
2323;207;255;57;land;Lost Rigger Cove;Kalimdor;Tanaris
2324;167;142;100;land;Wavestrider Beach;Kalimdor;Tanaris
2325;127;142;34;land;Waterspring Field;Kalimdor;Tanaris
2326;200;142;133;land;Steamwheedle Port;Kalimdor;Tanaris
2327;56;142;70;land;Noonshade Ruins;Kalimdor;Tanaris
2328;96;217;69;land;Sands of the Watchers;Kalimdor;Tanaris
2329;51;192;168;land;The Scarab Wall;Kalimdor;Silithus
2330;162;192;76;land;Lower Quarters;Kalimdor;Silithus
2331;129;228;79;land;Echo Cove;Northrend;Borean Tundra
2332;47;228;129;land;Pal'ea;Northrend;Borean Tundra
2333;214;165;99;land;Beryl Point;Northrend;Borean Tundra
2334;118;165;119;land;Nasam's Talon;Northrend;Borean Tundra
2335;114;165;64;land;Sands of Nasam;Northrend;Borean Tundra
2336;126;66;103;land;Farshire Fields;Northrend;Borean Tundra
2337;135;66;138;land;The Abandoned Reach;Northrend;Borean Tundra
2338;142;66;86;land;Njord's Breath Bay;Northrend;Borean Tundra
2339;60;66;53;land;Lake Kum'uya;Northrend;Borean Tundra
2340;122;66;106;land;Coldrock Quarry;Northrend;Borean Tundra
2341;164;109;94;land;The Flood Plains;Northrend;Borean Tundra
2342;105;109;116;land;Steam Springs;Northrend;Borean Tundra
2343;160;109;94;land;Festering Pools;Northrend;Borean Tundra
2344;88;161;99;land;Naxxanar;Northrend;Borean Tundra
2345;138;161;124;land;Steeljaw's Cavern;Northrend;Borean Tundra
2346;171;161;62;land;Kaw's Roost;Northrend;Borean Tundra
2347;64;161;111;land;Ruins of Eldra'nath;Northrend;Borean Tundra
2348;156;66;75;land;Bloodspore Plains;Northrend;Borean Tundra
2349;152;153;98;land;The Path of the Lifewarden;Northrend;Sholazar Basin
2350;93;153;78;land;The Bones of Nozronn;Northrend;Sholazar Basin
2351;146;153;117;land;Sparktouched Haven;Northrend;Sholazar Basin
2352;162;93;152;land;Spearborn Encampment;Northrend;Sholazar Basin
2353;75;93;76;land;Dorian's Outpost;Northrend;Sholazar Basin
2354;85;129;80;land;The Bonefields;Northrend;Sholazar Basin
2355;144;129;111;land;Mosswalker Village;Northrend;Sholazar Basin
2356;217;129;41;land;The Sundered Shard;Northrend;Sholazar Basin
2357;79;129;89;land;Sapphire Hive;Northrend;Sholazar Basin
2358;121;153;131;land;Mistwhisper Refuge;Northrend;Sholazar Basin
2359;83;136;176;land;Swinglegrin's Dig;Northrend;Sholazar Basin
2360;112;127;92;land;Hall of the Ancestors;Northrend;Icecrown
2361;188;127;83;land;Battlescar Spire;Northrend;Icecrown
2362;50;127;44;land;Kul'galar Keep;Northrend;Icecrown
2363;157;87;65;land;Njorndar Village;Northrend;Icecrown
2364;70;87;108;land;The Underhalls;Northrend;Icecrown
2365;162;87;128;land;Valhalas;Northrend;Icecrown
2366;63;87;98;land;Ufrang's Hall;Northrend;Icecrown
2367;68;131;122;land;Cathedral of Darkness;Northrend;Icecrown
2368;138;131;156;land;The Court of Bones;Northrend;Icecrown
2369;68;131;151;land;Malvkriss;Northrend;Icecrown
2370;96;131;71;land;Rise of Suffering;Northrend;Icecrown
2371;140;24;122;land;The Valley of Fallen Heroes;Northrend;Icecrown
2372;59;24;90;land;Ironwall Rampart;Northrend;Icecrown
2373;160;24;111;land;Weeping Quarry;Northrend;Icecrown
2374;159;160;227;land;Corp'neth;Northrend;Icecrown
2375;82;160;79;land;Aldur'thar Rampart;Northrend;Icecrown
2376;97;205;72;land;The Valley of Lost Hope;Northrend;Icecrown
2377;156;4;59;land;The Breach;Northrend;Icecrown
2378;115;4;93;land;Silent Vigil;Northrend;Icecrown
2379;56;4;107;land;Valley of Echoes;Northrend;Icecrown
2380;51;49;83;land;The Broken Front;Northrend;Icecrown
2381;126;54;97;land;The Crimson Cathedral;Northrend;Icecrown
2382;176;90;87;land;Bor's Breath;Northrend;Storm Peaks
2383;117;203;153;land;Uldis;Northrend;Storm Peaks
2384;135;125;154;land;Rohemdal Pass;Northrend;Storm Peaks
2385;88;125;112;land;Frostgrip's Hollow;Northrend;Storm Peaks
2386;164;170;119;land;The Frigid Tomb;Northrend;Storm Peaks
2387;99;90;179;land;Sifeldar Village;Northrend;Storm Peaks
2388;94;90;106;land;The Forlorn Mine;Northrend;Storm Peaks
2389;69;143;148;land;The Frozen Mine;Northrend;Storm Peaks
2390;145;82;172;land;Mimir's Workshop;Northrend;Storm Peaks
2391;145;59;118;land;Temple of Winter;Northrend;Storm Peaks
2392;132;59;76;land;Frostfloe Deep;Northrend;Storm Peaks
2393;184;144;121;land;The Howling Hollow;Northrend;Storm Peaks
2394;112;144;91;land;Temple of Lightning;Northrend;Storm Peaks
2395;82;250;144;land;Valley of Ancient Winters;Northrend;Storm Peaks
2396;146;124;63;land;Loken's Bargain;Northrend;Storm Peaks
2397;125;134;56;land;Surge Needle;Northrend;Dragonblight
2398;78;134;151;land;Glittering Strand;Northrend;Dragonblight
2399;177;163;92;land;Lothalor Woodlands;Northrend;Dragonblight
2400;73;163;155;land;The Briny Pinnacle;Northrend;Dragonblight
2401;122;163;86;land;Kili'ua's Atoll;Northrend;Dragonblight
2402;155;103;125;land;Snowfall Glade;Northrend;Dragonblight
2403;69;103;83;land;The Half Shell;Northrend;Dragonblight
2404;163;103;139;land;The Mirror of Dawn;Northrend;Dragonblight
2405;100;103;174;land;Dragon's Fall;Northrend;Dragonblight
2406;72;103;66;land;The Court of Skulls;Northrend;Dragonblight
2407;60;103;213;land;Angrathar the Wrath Gate;Northrend;Dragonblight
2408;158;103;133;land;Nozzlerust Post;Northrend;Dragonblight
2409;203;103;146;land;Ice Heart Cavern;Northrend;Dragonblight
2410;167;102;147;land;7th Legion Front;Northrend;Dragonblight
2411;63;102;94;land;Path of the Titans;Northrend;Dragonblight
2412;137;102;75;land;Eldritch Heights;Northrend;Dragonblight
2413;227;102;129;land;Frostmourne Cavern;Northrend;Dragonblight
2414;97;102;147;land;Light's Trust;Northrend;Dragonblight
2415;97;162;140;land;Dawn's Reach;Northrend;Dragonblight
2416;143;162;62;land;The Carrion Fields;Northrend;Dragonblight
2417;181;162;138;land;Jintha'kalar Steps;Northrend;Dragonblight
2418;161;25;154;land;Windswept Rise;Northrend;Dragonblight
2419;149;25;109;land;Wintergarde Mine;Northrend;Dragonblight
2420;131;50;125;land;Reliquary of Agony;Northrend;Zul'Drak
2421;178;50;61;land;Rageclaw Den;Northrend;Zul'Drak
2422;65;50;59;land;Light's Breach;Northrend;Zul'Drak
2423;158;50;118;land;Dargath's Demise;Northrend;Zul'Drak
2424;92;50;124;land;Reliquary of Pain;Northrend;Zul'Drak
2425;174;50;99;land;Crusader Forward Camp;Northrend;Zul'Drak
2426;170;107;100;land;Ebon Rise;Northrend;Zul'Drak
2427;87;107;66;land;Drak'va Rise;Northrend;Zul'Drak
2428;145;255;78;land;Kolramas;Northrend;Zul'Drak
2429;180;145;59;land;Drak'Sotra Fields;Northrend;Zul'Drak
2430;93;145;108;land;Zim'Abwa;Northrend;Zul'Drak
2431;151;145;73;land;The Argent Stand;Northrend;Zul'Drak
2432;202;145;61;land;Pools of Zha'Jin;Northrend;Zul'Drak
2433;92;145;110;land;Drak'Agal;Northrend;Zul'Drak
2434;90;145;79;land;Drak'atal Passage;Northrend;Zul'Drak
2435;95;145;181;land;Steps of Anguish;Northrend;Zul'Drak
2436;180;255;75;land;Drak'Mabwa;Northrend;Zul'Drak
2437;47;255;73;land;Pools of Jin'Alai;Northrend;Zul'Drak
2438;135;184;113;land;Zim'Rhuk;Northrend;Zul'Drak
2439;64;184;98;land;Gundrak Rise;Northrend;Zul'Drak
2440;171;184;58;land;Zol'Heb;Northrend;Zul'Drak
2441;172;184;166;land;The Gundrak Approach;Northrend;Zul'Drak
2442;205;184;121;land;Steps of Har'koa;Northrend;Zul'Drak
2443;128;154;107;land;Boulder Hills;Northrend;Grizzly Hills
2444;162;178;80;land;Hollowstone Mine;Northrend;Grizzly Hills
2445;90;178;109;land;Solstice Village;Northrend;Grizzly Hills
2446;173;178;132;land;White Pine Trading Post;Northrend;Grizzly Hills
2447;63;178;169;land;Redwood Trading Post;Northrend;Grizzly Hills
2448;170;178;120;land;Prospector's Point;Northrend;Grizzly Hills
2449;80;178;111;land;Harko Ruins of Tethys;Northrend;Grizzly Hills
2450;152;137;72;land;Ashwood Post;Northrend;Grizzly Hills
2451;190;137;65;land;Rage Fang Shrine;Northrend;Grizzly Hills
2452;74;137;86;land;Heartwood Trading Post;Northrend;Grizzly Hills
2453;109;255;82;land;Blackriver Logging Camp;Northrend;Grizzly Hills
2454;162;129;121;land;Aspen Grove Post;Northrend;Grizzly Hills
2455;181;151;53;land;Evergreen Trading Post;Northrend;Grizzly Hills
2456;87;151;147;land;Ruins of Drak'Zin;Northrend;Grizzly Hills
2457;139;151;94;land;Spruce Point Post;Northrend;Grizzly Hills
2458;178;64;91;land;Silverbrook Hills;Northrend;Grizzly Hills
2459;136;46;85;land;Apothecary Camp;Northrend;Howling Fjord
2460;118;152;88;land;Tundra of Skorn;Northrend;Howling Fjord
2461;92;46;116;land;North Spear Tower;Northrend;Howling Fjord
2462;71;175;99;land;Iskaal;Northrend;Howling Fjord
2463;131;175;118;land;Ember Trail;Northrend;Howling Fjord
2464;104;52;77;land;Utgarde Bluffs;Northrend;Howling Fjord
2465;139;175;109;land;Thorval's Camp;Northrend;Howling Fjord
2466;63;175;132;land;Shield Hill;Northrend;Howling Fjord
2467;147;159;68;land;Wyrmskull Village;Northrend;Howling Fjord
2468;170;175;108;land;Derelict Strand;Northrend;Howling Fjord
2469;89;131;113;land;Zuldazar;South Seas;Zandalar
2470;135;131;62;land;Mount Mugamba;South Seas;
2471;90;131;148;land;Port Zul;South Seas;Zandalar
2472;74;131;111;land;Plunder Isle;South Seas;Plunder Isle
2474;71;179;174;land;Eastern Zangar Marsh;Outland;Zangarmarsh
2475;71;117;174;land;Western Zangar Marsh;Outland;Zangarmarsh
2476;71;135;174;land;Central Zangar Marsh;Outland;Zangarmarsh
2477;71;162;174;land;Sporegarr Marsh;Outland;Zangarmarsh
2478;137;180;179;land;Chillmere Shore;Northrend;Howling Fjord
2479;143;180;92;land;Venture Outpost;Northrend;Grizzly Hills
2480;80;180;130;land;Venture Docks;Northrend;Grizzly Hills
2481;186;142;164;land;Amberpine Outpost;Northrend;Grizzly Hills
2482;148;152;197;land;Grizzlemaw Watering Hole;Northrend;Grizzly Hills
2483;73;152;103;land;Drak'Tharon Approach;Northrend;Grizzly Hills
2484;144;152;94;land;Light's Shore;Northrend;Grizzly Hills
2485;86;152;147;land;Heartwood Clearing;Northrend;Grizzly Hills
2486;87;152;80;land;Blackwood Clearing;Northrend;Grizzly Hills
2487;65;152;112;land;Blackwood Outpost;Northrend;Grizzly Hills
2488;206;152;91;land;Redwood Isle;Northrend;Grizzly Hills
2489;131;152;99;land;Broken Shore;Northrend;Grizzly Hills
2490;182;152;80;land;Dead Grove;Northrend;Dragonblight
2491;119;152;140;land;Bluffs of Dawn;Northrend;Dragonblight
2492;69;126;114;land;Icemist Hills;Northrend;Dragonblight
2493;89;126;103;land;Frozen Canyon;Northrend;Dragonblight
2494;168;126;156;land;Accursed Shore;Northrend;Icecrown
2495;158;143;94;land;Halls of the Titans;Northrend;Storm Peaks
2496;202;143;70;land;Hall of Memories;Northrend;Storm Peaks
2497;122;143;133;land;Halls of Winter;Northrend;Storm Peaks
2498;205;179;207;land;Clash of Thunder;Northrend;Storm Peaks
2499;76;179;72;land;Conservatory of Life;Northrend;Storm Peaks
2500;184;179;181;land;Hall of Ingenuity;Northrend;Storm Peaks
2501;61;179;57;land;Battered Cliffs;Northrend;Storm Peaks
2502;216;179;67;land;Windy Cliffs;Northrend;Storm Peaks
2503;137;179;162;land;Eroded Cliffs;Northrend;Storm Peaks
2504;161;244;180;land;Shen'dralar Quarters;Kalimdor;Feralas
2505;162;208;64;land;Deeprun Tram;Eastern Kingdoms;Stormwind
2506;122;205;56;land;Fields of Dun Morogh;Eastern Kingdoms;Dun Morogh
2507;81;205;110;land;Shimmering Fields;Eastern Kingdoms;Dun Morogh
2508;162;61;42;land;An'thul;Zandalar;
2509;162;162;200;Zan'zur;Zandalar;;
2510;219;23;120;RNW;;;
2511;219;23;121;RNW;;;
2512;219;23;122;RNW;;;
2513;219;23;123;RNW;;;
2514;219;23;124;RNW;;;
2515;219;23;125;RNW;;;
2516;219;23;126;RNW;;;
2517;219;23;127;RNW;;;
2518;219;23;128;RNW;;;
2519;219;23;129;RNW;;;
2520;219;23;130;RNW;;;
2521;219;23;131;RNW;;;
2522;219;23;132;RNW;;;
2523;219;23;133;RNW;;;
2524;219;23;134;RNW;;;
2525;219;23;135;RNW;;;
2526;219;23;136;RNW;;;
2527;219;23;137;RNW;;;
2528;219;23;138;RNW;;;
2529;219;23;139;RNW;;;
2530;219;23;140;RNW;;;
2531;219;23;141;RNW;;;
2532;219;23;142;RNW;;;
2533;219;23;143;RNW;;;
2534;219;23;144;RNW;;;
2535;219;23;145;RNW;;;
2536;219;23;146;RNW;;;
2537;219;23;147;RNW;;;
2538;219;23;148;RNW;;;
2539;219;23;149;RNW;;;
2540;219;23;150;RNW;;;
2541;219;23;151;RNW;;;
2542;219;23;152;RNW;;;
2543;219;23;153;RNW;;;
2544;219;23;154;RNW;;;
2545;219;23;155;RNW;;;
2546;219;23;156;RNW;;;
2547;219;23;157;RNW;;;
2548;219;23;158;RNW;;;
2549;219;23;159;RNW;;;
2550;219;23;160;RNW;;;
2551;219;23;161;RNW;;;
2552;219;23;162;RNW;;;
2553;219;23;163;RNW;;;
2554;219;23;164;RNW;;;
2555;219;23;165;RNW;;;
2556;219;23;166;RNW;;;
2557;219;23;167;RNW;;;
2558;219;23;168;RNW;;;
2559;219;23;169;RNW;;;
2560;219;23;170;RNW;;;
2561;219;23;171;RNW;;;
2562;219;23;172;RNW;;;
2563;219;23;173;RNW;;;
2564;219;23;174;RNW;;;
2565;219;23;175;RNW;;;
2566;219;23;176;RNW;;;
2567;219;23;177;RNW;;;
2568;219;23;178;RNW;;;
2569;219;23;179;RNW;;;
2570;219;23;180;RNW;;;
2571;219;23;181;RNW;;;
2572;219;23;182;RNW;;;
2573;219;23;183;RNW;;;
2574;219;23;184;RNW;;;
2575;219;23;185;RNW;;;
2576;219;23;186;RNW;;;
2577;219;23;187;RNW;;;
2578;219;23;188;RNW;;;
2579;219;23;189;RNW;;;
2580;219;23;190;RNW;;;
2581;219;23;191;RNW;;;
2582;219;23;192;RNW;;;
2583;219;23;193;RNW;;;
2584;219;23;194;RNW;;;
2585;219;23;195;RNW;;;
2586;219;23;196;RNW;;;
2587;219;23;197;RNW;;;
2588;219;23;198;RNW;;;
2589;219;23;199;RNW;;;
2590;219;23;200;RNW;;;
2591;219;23;201;RNW;;;
2592;219;23;202;RNW;;;
2593;219;23;203;RNW;;;
2594;219;23;204;RNW;;;
2595;219;23;205;RNW;;;
2596;219;23;206;RNW;;;
2597;219;23;207;RNW;;;
2598;219;23;208;RNW;;;
2599;219;24;209;RNW;;;
2600;219;24;210;RNW;;;
2601;219;24;211;RNW;;;
2602;219;24;212;RNW;;;
2603;219;24;213;RNW;;;
2604;219;24;214;RNW;;;
2605;219;24;215;RNW;;;
2606;219;24;216;RNW;;;
2607;219;24;217;RNW;;;
2608;219;24;218;RNW;;;
2609;219;24;219;RNW;;;
2610;219;24;220;RNW;;;
2611;219;24;221;RNW;;;
2612;219;24;222;RNW;;;
2613;219;24;223;RNW;;;
2614;219;24;224;RNW;;;
2615;219;24;225;RNW;;;
2616;219;24;226;RNW;;;
2617;219;24;227;RNW;;;
2618;219;24;228;RNW;;;
2619;219;24;229;RNW;;;
2620;219;24;230;RNW;;;
2621;219;24;231;RNW;;;
2622;219;24;232;RNW;;;
2623;219;24;233;RNW;;;
2624;219;24;234;RNW;;;
2625;219;24;235;RNW;;;
2626;219;24;236;RNW;;;
2627;219;24;237;RNW;;;
2628;219;24;238;RNW;;;
2629;219;24;239;RNW;;;
2630;219;24;240;RNW;;;
2631;219;24;241;RNW;;;
2632;219;24;242;RNW;;;
2633;219;24;243;RNW;;;
2634;0;196;204;land;Shipwrecked Cove;;
2635;0;204;163;land;Torokk's Bluff;;
2636;0;181;163;land;Eastern Highmountain;;
2637;0;212;219;land;Blind Marshlands;;
2638;0;161;163;land;Cliff's Edge;;
2639;46;196;255;land;Skyhorn;;
2640;41;230;194;land;Trueshot Lodge;;
2641;0;234;255;land;Riverbend;;
2642;0;234;199;land;Thunder Toten;;
2643;31;189;199;land;Frosthoof Watch;;
2644;79;227;133;land;Gloaming Reef;;
2645;161;209;133;land;Black Rook Hold;;
2646;161;227;133;land;Bradensbrook;;
2647;161;209;19;land;Western Moonclaw Vale;;
2648;161;209;79;land;Smolderhide Thicket;;
2649;161;194;89;land;Thas'talah;;
2650;161;194;145;land;Grove of Cenarius;;
2651;99;194;145;land;Temple of Elune;;
2652;61;194;145;land;Andu'talah;;
2653;26;207;145;land;Shala'nir;;
2654;49;208;125;land;Dream Grove;;
2655;83;207;173;land;Shala'drassil;;
2656;150;15;228;land;Warden's Isle;;
2657;173;15;228;land;Faronaar;;
2658;130;15;228;land;Oceanus Cove;;
2659;130;85;228;land;Ruined Sanctum;;
2660;128;79;186;land;Felblaze Ingress;;
2661;150;74;228;land;Zarkhenar;;
2662;130;49;186;land;Narthalas Academy;;
2663;173;15;128;land;Azurewing Repose;;
2664;130;15;148;land;Nor'danel Wellspring;;
2665;173;15;168;land;Challiane's Terrace;;
2666;150;75;255;land;Eye of The Storm;;
2667;252;181;0;land;Tomb of Sargeras;;
2668;252;158;0;land;Deliverance Point;;
2669;252;158;79;land;Suramar City;;
2670;207;158;79;land;Jond'vik;;
2671;207;173;27;land;Crimson Thicket;;
2672;252;173;79;land;Tel'anor;;
2673;207;191;57;land;Moonguard Stronghold;;
2674;252;201;79;land;Meredil;;
2675;171;148;84;land;Falanoor;;
2676;240;148;27;land;Felsoul Hold;;
2677;171;148;47;land;Eastern Moonclaw Vale;;
2678;121;101;0;land;Hrydashal;;
2679;121;101;41;land;Dreadwake's Landing;;
2680;121;101;21;land;Talon's Rest;;
2681;121;101;61;land;Weeping Bluff;;
2682;121;101;81;land;Blackbeak Overlook;;
2683;121;101;101;land;Aggramar's Vault;;
2684;121;101;121;land;Tideskorn Harbor;;
2685;121;101;141;land;Cove of Nashal;;
2686;121;101;161;land;Shield's Rest;;
2687;121;101;181;land;Haustvald;;
2688;121;101;201;land;Greywatch;;
2689;121;101;221;land;Halls of Valor;;
2690;121;101;241;land;Valdisdall;;
2691;130;15;186;land;Illidari Stand;;
2949;37;219;134;land;Northwatch Port;;
2950;77;141;229;land;Direhorn Grounds;;
2951;107;146;217;land;Sentry Point;;
2952;70;110;177;land;Swamplight;;
2953;215;29;33;land;North Point;;
2954;128;128;128;land;Deathkneel Road;;
2955;128;190;130;land;Agamand's Crossing;;
2956;80;215;21;land;Brightwater Forest;;
2957;99;139;119;land;Forsaken Bulwark;;
2958;192;143;85;land;Argent Bulwark;;
2959;40;17;6;land;Arevass Riverside;;
2960;86;101;63;land;Beren's Peril;;
2961;15;138;18;land;Forsaken Gate;;
2962;0;94;76;land;Pyrewood;;
2963;161;206;212;land;Olsen's Farthing;;
2964;49;177;58;land;Brazie Farmstead;;
2965;108;152;40;land;Guard of Alterac;;
2966;28;238;129;land;Strahnbrad Station;;
2967;111;194;191;land;Chillwind Point;;
2968;9;9;90;land;Darrowmere Hillside;;
2969;44;196;221;land;Caer Darrow Pass;;
2970;146;108;80;land;Death's Step;;
2971;106;172;146;land;Undercroft;;
2972;29;46;103;land;Darrowshire;;
2973;228;196;194;land;Blackwood Town;;
2974;245;85;190;land;Darrow Bridge;;
2975;171;175;13;land;Scarlet Bastion;;
2976;44;148;227;land;Hope Point;;
2977;177;180;220;land;Tranquillien;;
2978;87;169;250;land;Bleeding Ziggurat;;
2979;125;133;60;land;Underlight Mines;;
2980;191;36;247;land;Dead Road;;
2981;204;167;161;land;An'daroth;;
2982;223;102;200;land;Shalandis Isle;;
2983;58;27;39;land;Zeb'Tela;;
2984;141;246;214;land;Hatchet Hills;;
2985;213;183;238;land;Dead Walk;;
2986;57;30;159;land;Shan'dor;;
2987;5;49;24;land;Thuron's Livery;;
2988;222;143;88;land;Silver Guard;;
2989;111;91;89;land;Goldenbough Pass;;
2990;232;123;63;land;Sun's Reach;;
2991;109;172;143;land;Sunwell;;
2992;254;5;134;land;Greengill base;;
2993;136;165;98;land;Dead Approach;;
2994;64;50;124;land;Dawning Square;;
2995;24;253;172;land;Eastern Strand;;
2996;58;87;2;land;Western Strand;;
2997;246;6;224;land;Bogen's Ledge;;
2998;211;57;179;land;Quel'Lorien;;
2999;162;121;7;land;Upper Jintha'Alor;;
3000;50;49;249;land;Arathor Square;;
3001;80;12;107;land;Trollbane Square;;
3002;121;181;187;land;Tight Square;;
3003;82;29;185;land;Central Square;;
3004;107;153;178;land;Stormic Road;;
3005;62;2;191;land;Arathi Strand;;
3006;87;128;29;land;Passguard;;
3007;138;137;117;land;Arathi Pass;;
3008;63;80;124;land;Amani Wildlands;;
3009;201;120;252;land;Copperstock;;
3010;158;20;189;land;Drisburg;;
3011;43;215;200;land;Zul'Drar;;
3012;202;75;153;land;Fort Waldmark;;
3013;251;183;44;land;Coppertoon;;
3014;220;154;167;land;Anchor's Fall;;
3015;14;246;32;land;Fort Tiras;;
3016;232;173;245;land;Duskhaven;;
3017;110;20;148;land;Emberstone Village;;
3018;7;208;247;land;King's Gate;;
3019;135;201;209;land;Stagecoach;;
3020;116;3;39;land;Hailwood;;
3021;107;220;193;land;Tal'doren;;
3022;226;53;206;land;Bluegill Marsh;;
3023;102;57;188;land;Black Channel Marsh;;
3024;168;182;83;land;Saltspray Glen;;
3025;26;106;36;land;Wetlands Farmlands;;
3026;205;36;150;land;Wetlands Crossing;;
3027;108;30;162;land;Garmason's Camp;;
3028;228;34;41;land;Green Caravan;;
3029;223;220;77;land;Stonewrought Dam;;
3030;26;147;166;land;Stonesplinter Camp;;
3031;112;21;236;land;Ratlands;;
3032;207;162;195;land;Loch Modan Wildlands;;
3033;230;192;112;land;Ironband's Camp;;
3034;237;155;120;land;The Loch Shallow;;
3035;88;118;91;land;Frostmane Tunnels;;
3036;14;18;66;land;Hall of Gears;;
3037;221;225;138;land;Dormitory;;
3038;139;55;2;land;Outside Section;;
3039;67;246;107;land;The Gnome Gate;;
3040;128;38;73;land;Test Field;;
3041;103;36;203;land;Frostmane Village;;
3042;15;66;83;land;Frostmane Caves;;
3043;22;135;157;land;Coldbase;;
3044;208;242;77;land;Middlecamp;;
3045;101;137;106;land;Coldmountain Pass;;
3047;196;7;204;land;Defilers Den;;
3048;98;110;202;land;Military Ward;;
3049;212;233;129;land;Tinker Town;;
3050;206;207;194;land;Hall of Explorers;;
3051;103;136;40;land;Mystic Ward;;
3052;226;156;48;land;The Gates of Ironforge;;
3053;217;4;60;land;Helms Camp;;
3054;45;153;51;land;Blackrock Stronghold;;
3055;232;69;133;land;Black Tooth Watch;;
3056;16;74;96;land;Slither Rock;;
3057;166;90;74;land;Blackrock Spire;;
3058;164;93;148;land;Night Web Hollow;;
3059;115;254;170;land;Northern Vandermar;;
3060;69;193;3;land;Dun Baldar;;
3061;208;154;194;land;Frostwolf Keep;;
3062;35;13;244;land;Field of Strife;;
3063;0;65;58;land;Iceblood Garrison;;
3064;228;199;60;land;Stonehearth Outpost;;
3065;5;40;67;land;Snowfall;;
3066;219;166;10;land;Eastern Cave;;
3067;207;25;66;land;Western Cave;;
3068;104;197;136;land;Gray Shore;;
3069;143;79;177;land;Taelan's Tower;;
3070;190;64;131;land;West Lands;;
3071;153;86;241;wasteland;Violet Mountain;;
3072;215;65;112;land;Tyr's Foreground;;
3073;35;19;108;land;Light's Point;;
3074;42;139;126;land;Dead Forest;;
3075;75;22;78;land;Reanimatory;;
3076;3;87;130;sea;uldum bay;;
3077;169;94;148;land;Mandokir's Domain;;
3078;169;94;168;land;Cache of Madness;;
3079;169;94;188;land;Bethekk's Domain;;
3080;169;94;208;land;Zul'gurub Entrance;;
3081;169;94;228;sea;Zul'gurub Slums;;
